2a12:bec4:12a3::/60,US,US-CA,Hollywood Hills West,90046
2a12:bec4:12a3:10::/60,US,US-CA,Hollywood Hills West,90046
2a12:bec4:12a3:20::/60,US,US-CA,Hollywood Hills West,90046
2a12:bec4:12a3:30::/60,US,US-CA,Hollywood Hills West,90046
2a12:bec4:12a3:40::/60,US,US-CA,Hollywood Hills West,90046
2a12:bec4:12a3:50::/60,US,US-CA,Hollywood Hills West,90046
2a12:bec4:12a3:60::/60,US,US-CA,Hollywood Hills West,90046
2a12:bec4:12a3:70::/60,US,US-CA,Hollywood Hills West,90046
2a12:bec4:12a3:80::/60,US,US-CA,Hollywood Hills West,90046
2a12:bec4:12a3:90::/60,US,US-CA,Hollywood Hills West,90046
2a12:bec4:12a3:a0::/60,US,US-CA,Hollywood Hills West,90046
2a12:bec4:12a3:b0::/60,US,US-CA,Hollywood Hills West,90046
2a12:bec4:12a3:c0::/60,US,US-CA,Hollywood Hills West,90046
2a12:bec4:12a3:d0::/60,US,US-CA,Hollywood Hills West,90046
2a12:bec4:12a3:e0::/60,US,US-CA,Hollywood Hills West,90046
2a12:bec4:12a3:f0::/60,US,US-CA,Hollywood Hills West,90046
2a12:bec4:12a3:100::/60,US,US-CA,Los Angeles,
2a12:bec4:12a3:110::/60,US,US-CA,Los Angeles,
2a12:bec4:12a3:120::/60,US,US-CA,Los Angeles,
2a12:bec4:12a3:130::/60,US,US-CA,Los Angeles,
2a12:bec4:12a3:140::/60,US,US-CA,Los Angeles,
2a12:bec4:12a3:150::/60,US,US-CA,Los Angeles,
2a12:bec4:12a3:160::/60,US,US-CA,Los Angeles,
2a12:bec4:12a3:170::/60,US,US-CA,Los Angeles,
2a12:bec4:12a3:180::/60,US,US-CA,Los Angeles,
2a12:bec4:12a3:190::/60,US,US-CA,Los Angeles,
2a12:bec4:12a3:1a0::/60,US,US-CA,Los Angeles,
2a12:bec4:12a3:1b0::/60,US,US-CA,Los Angeles,
2a12:bec4:12a3:1c0::/60,US,US-CA,Los Angeles,
2a12:bec4:12a3:1d0::/60,US,US-CA,Los Angeles,
2a12:bec4:12a3:1e0::/60,US,US-CA,Los Angeles,
2a12:bec4:12a3:1f0::/60,US,US-CA,Los Angeles,
2a12:bec4:12a3:200::/60,US,US-CA,Los Angeles County,
2a12:bec4:12a3:210::/60,US,US-CA,Los Angeles County,
2a12:bec4:12a3:220::/60,US,US-CA,Los Angeles County,
2a12:bec4:12a3:230::/60,US,US-CA,Los Angeles County,
2a12:bec4:12a3:240::/60,US,US-CA,Los Angeles County,
2a12:bec4:12a3:250::/60,US,US-CA,Los Angeles County,
2a12:bec4:12a3:260::/60,US,US-CA,Los Angeles County,
2a12:bec4:12a3:270::/60,US,US-CA,Los Angeles County,
2a12:bec4:12a3:280::/60,US,US-CA,Los Angeles County,
2a12:bec4:12a3:290::/60,US,US-CA,Los Angeles County,
2a12:bec4:12a3:2a0::/60,US,US-CA,Los Angeles County,
2a12:bec4:12a3:2b0::/60,US,US-CA,Los Angeles County,
2a12:bec4:12a3:2c0::/60,US,US-CA,Los Angeles County,
2a12:bec4:12a3:2d0::/60,US,US-CA,Los Angeles County,
2a12:bec4:12a3:2e0::/60,US,US-CA,Los Angeles County,
2a12:bec4:12a3:2f0::/60,US,US-CA,Los Angeles County,
2a12:bec4:12a3:300::/60,US,US-CA,East Los Angeles,
2a12:bec4:12a3:310::/60,US,US-CA,East Los Angeles,
2a12:bec4:12a3:320::/60,US,US-CA,East Los Angeles,
2a12:bec4:12a3:330::/60,US,US-CA,East Los Angeles,
2a12:bec4:12a3:340::/60,US,US-CA,East Los Angeles,
2a12:bec4:12a3:350::/60,US,US-CA,East Los Angeles,
2a12:bec4:12a3:360::/60,US,US-CA,East Los Angeles,
2a12:bec4:12a3:370::/60,US,US-CA,East Los Angeles,
2a12:bec4:12a3:380::/60,US,US-CA,East Los Angeles,
2a12:bec4:12a3:390::/60,US,US-CA,East Los Angeles,
2a12:bec4:12a3:3a0::/60,US,US-CA,East Los Angeles,
2a12:bec4:12a3:3b0::/60,US,US-CA,East Los Angeles,
2a12:bec4:12a3:3c0::/60,US,US-CA,East Los Angeles,
2a12:bec4:12a3:3d0::/60,US,US-CA,East Los Angeles,
2a12:bec4:12a3:3e0::/60,US,US-CA,East Los Angeles,
2a12:bec4:12a3:3f0::/60,US,US-CA,East Los Angeles,
2a12:bec4:12a3:400::/60,US,US-CA,South Los Angeles,
2a12:bec4:12a3:410::/60,US,US-CA,South Los Angeles,
2a12:bec4:12a3:420::/60,US,US-CA,South Los Angeles,
2a12:bec4:12a3:430::/60,US,US-CA,South Los Angeles,
2a12:bec4:12a3:440::/60,US,US-CA,South Los Angeles,
2a12:bec4:12a3:450::/60,US,US-CA,South Los Angeles,
2a12:bec4:12a3:460::/60,US,US-CA,South Los Angeles,
2a12:bec4:12a3:470::/60,US,US-CA,South Los Angeles,
2a12:bec4:12a3:480::/60,US,US-CA,South Los Angeles,
2a12:bec4:12a3:490::/60,US,US-CA,South Los Angeles,
2a12:bec4:12a3:4a0::/60,US,US-CA,South Los Angeles,
2a12:bec4:12a3:4b0::/60,US,US-CA,South Los Angeles,
2a12:bec4:12a3:4c0::/60,US,US-CA,South Los Angeles,
2a12:bec4:12a3:4d0::/60,US,US-CA,South Los Angeles,
2a12:bec4:12a3:4e0::/60,US,US-CA,South Los Angeles,
2a12:bec4:12a3:4f0::/60,US,US-CA,South Los Angeles,
2a12:bec4:12a3:500::/60,US,US-CA,West Los Angeles,
2a12:bec4:12a3:510::/60,US,US-CA,West Los Angeles,
2a12:bec4:12a3:520::/60,US,US-CA,West Los Angeles,
2a12:bec4:12a3:530::/60,US,US-CA,West Los Angeles,
2a12:bec4:12a3:540::/60,US,US-CA,West Los Angeles,
2a12:bec4:12a3:550::/60,US,US-CA,West Los Angeles,
2a12:bec4:12a3:560::/60,US,US-CA,West Los Angeles,
2a12:bec4:12a3:570::/60,US,US-CA,West Los Angeles,
2a12:bec4:12a3:580::/60,US,US-CA,West Los Angeles,
2a12:bec4:12a3:590::/60,US,US-CA,West Los Angeles,
2a12:bec4:12a3:5a0::/60,US,US-CA,West Los Angeles,
2a12:bec4:12a3:5b0::/60,US,US-CA,West Los Angeles,
2a12:bec4:12a3:5c0::/60,US,US-CA,West Los Angeles,
2a12:bec4:12a3:5d0::/60,US,US-CA,West Los Angeles,
2a12:bec4:12a3:5e0::/60,US,US-CA,West Los Angeles,
2a12:bec4:12a3:5f0::/60,US,US-CA,West Los Angeles,
2a12:bec4:12a3:600::/60,US,US-CA,North Los Angeles,
2a12:bec4:12a3:610::/60,US,US-CA,North Los Angeles,
2a12:bec4:12a3:620::/60,US,US-CA,North Los Angeles,
2a12:bec4:12a3:630::/60,US,US-CA,North Los Angeles,
2a12:bec4:12a3:640::/60,US,US-CA,North Los Angeles,
2a12:bec4:12a3:650::/60,US,US-CA,North Los Angeles,
2a12:bec4:12a3:660::/60,US,US-CA,North Los Angeles,
2a12:bec4:12a3:670::/60,US,US-CA,North Los Angeles,
2a12:bec4:12a3:680::/60,US,US-CA,North Los Angeles,
2a12:bec4:12a3:690::/60,US,US-CA,North Los Angeles,
2a12:bec4:12a3:6a0::/60,US,US-CA,North Los Angeles,
2a12:bec4:12a3:6b0::/60,US,US-CA,North Los Angeles,
2a12:bec4:12a3:6c0::/60,US,US-CA,North Los Angeles,
2a12:bec4:12a3:6d0::/60,US,US-CA,North Los Angeles,
2a12:bec4:12a3:6e0::/60,US,US-CA,North Los Angeles,
2a12:bec4:12a3:6f0::/60,US,US-CA,North Los Angeles,
2a12:bec4:12a3:700::/60,US,US-CA,Central Los Angeles,
2a12:bec4:12a3:710::/60,US,US-CA,Central Los Angeles,
2a12:bec4:12a3:720::/60,US,US-CA,Central Los Angeles,
2a12:bec4:12a3:730::/60,US,US-CA,Central Los Angeles,
2a12:bec4:12a3:740::/60,US,US-CA,Central Los Angeles,
2a12:bec4:12a3:750::/60,US,US-CA,Central Los Angeles,
2a12:bec4:12a3:760::/60,US,US-CA,Central Los Angeles,
2a12:bec4:12a3:770::/60,US,US-CA,Central Los Angeles,
2a12:bec4:12a3:780::/60,US,US-CA,Central Los Angeles,
2a12:bec4:12a3:790::/60,US,US-CA,Central Los Angeles,
2a12:bec4:12a3:7a0::/60,US,US-CA,Central Los Angeles,
2a12:bec4:12a3:7b0::/60,US,US-CA,Central Los Angeles,
2a12:bec4:12a3:7c0::/60,US,US-CA,Central Los Angeles,
2a12:bec4:12a3:7d0::/60,US,US-CA,Central Los Angeles,
2a12:bec4:12a3:7e0::/60,US,US-CA,Central Los Angeles,
2a12:bec4:12a3:7f0::/60,US,US-CA,Central Los Angeles,
2a12:bec4:12a3:800::/60,US,US-CA,Downtown Los Angeles,90020
2a12:bec4:12a3:810::/60,US,US-CA,Downtown Los Angeles,90020
2a12:bec4:12a3:820::/60,US,US-CA,Downtown Los Angeles,90020
2a12:bec4:12a3:830::/60,US,US-CA,Downtown Los Angeles,90020
2a12:bec4:12a3:840::/60,US,US-CA,Downtown Los Angeles,90020
2a12:bec4:12a3:850::/60,US,US-CA,Downtown Los Angeles,90020
2a12:bec4:12a3:860::/60,US,US-CA,Downtown Los Angeles,90020
2a12:bec4:12a3:870::/60,US,US-CA,Downtown Los Angeles,90020
2a12:bec4:12a3:880::/60,US,US-CA,Downtown Los Angeles,90020
2a12:bec4:12a3:890::/60,US,US-CA,Downtown Los Angeles,90020
2a12:bec4:12a3:8a0::/60,US,US-CA,Downtown Los Angeles,90020
2a12:bec4:12a3:8b0::/60,US,US-CA,Downtown Los Angeles,90020
2a12:bec4:12a3:8c0::/60,US,US-CA,Downtown Los Angeles,90020
2a12:bec4:12a3:8d0::/60,US,US-CA,Downtown Los Angeles,90020
2a12:bec4:12a3:8e0::/60,US,US-CA,Downtown Los Angeles,90020
2a12:bec4:12a3:8f0::/60,US,US-CA,Downtown Los Angeles,90020
2a12:bec4:12a3:900::/60,US,US-CA,Hollywood,90046
2a12:bec4:12a3:910::/60,US,US-CA,Hollywood,90046
2a12:bec4:12a3:920::/60,US,US-CA,Hollywood,90046
2a12:bec4:12a3:930::/60,US,US-CA,Hollywood,90046
2a12:bec4:12a3:940::/60,US,US-CA,Hollywood,90046
2a12:bec4:12a3:950::/60,US,US-CA,Hollywood,90046
2a12:bec4:12a3:960::/60,US,US-CA,Hollywood,90046
2a12:bec4:12a3:970::/60,US,US-CA,Hollywood,90046
2a12:bec4:12a3:980::/60,US,US-CA,Hollywood,90046
2a12:bec4:12a3:990::/60,US,US-CA,Hollywood,90046
2a12:bec4:12a3:9a0::/60,US,US-CA,Hollywood,90046
2a12:bec4:12a3:9b0::/60,US,US-CA,Hollywood,90046
2a12:bec4:12a3:9c0::/60,US,US-CA,Hollywood,90046
2a12:bec4:12a3:9d0::/60,US,US-CA,Hollywood,90046
2a12:bec4:12a3:9e0::/60,US,US-CA,Hollywood,90046
2a12:bec4:12a3:9f0::/60,US,US-CA,Hollywood,90046
2a12:bec4:12a3:a00::/60,US,US-CA,West Hollywood,90046
2a12:bec4:12a3:a10::/60,US,US-CA,West Hollywood,90046
2a12:bec4:12a3:a20::/60,US,US-CA,West Hollywood,90046
2a12:bec4:12a3:a30::/60,US,US-CA,West Hollywood,90046
2a12:bec4:12a3:a40::/60,US,US-CA,West Hollywood,90046
2a12:bec4:12a3:a50::/60,US,US-CA,West Hollywood,90046
2a12:bec4:12a3:a60::/60,US,US-CA,West Hollywood,90046
2a12:bec4:12a3:a70::/60,US,US-CA,West Hollywood,90046
2a12:bec4:12a3:a80::/60,US,US-CA,West Hollywood,90046
2a12:bec4:12a3:a90::/60,US,US-CA,West Hollywood,90046
2a12:bec4:12a3:aa0::/60,US,US-CA,West Hollywood,90046
2a12:bec4:12a3:ab0::/60,US,US-CA,West Hollywood,90046
2a12:bec4:12a3:ac0::/60,US,US-CA,West Hollywood,90046
2a12:bec4:12a3:ad0::/60,US,US-CA,West Hollywood,90046
2a12:bec4:12a3:ae0::/60,US,US-CA,West Hollywood,90046
2a12:bec4:12a3:af0::/60,US,US-CA,West Hollywood,90046
2a12:bec4:12a3:b00::/60,US,US-CA,Beverly Hills,90210
2a12:bec4:12a3:b10::/60,US,US-CA,Beverly Hills,90210
2a12:bec4:12a3:b20::/60,US,US-CA,Beverly Hills,90210
2a12:bec4:12a3:b30::/60,US,US-CA,Beverly Hills,90210
2a12:bec4:12a3:b40::/60,US,US-CA,Beverly Hills,90210
2a12:bec4:12a3:b50::/60,US,US-CA,Beverly Hills,90210
2a12:bec4:12a3:b60::/60,US,US-CA,Beverly Hills,90210
2a12:bec4:12a3:b70::/60,US,US-CA,Beverly Hills,90210
2a12:bec4:12a3:b80::/60,US,US-CA,Beverly Hills,90210
2a12:bec4:12a3:b90::/60,US,US-CA,Beverly Hills,90210
2a12:bec4:12a3:ba0::/60,US,US-CA,Beverly Hills,90210
2a12:bec4:12a3:bb0::/60,US,US-CA,Beverly Hills,90210
2a12:bec4:12a3:bc0::/60,US,US-CA,Beverly Hills,90210
2a12:bec4:12a3:bd0::/60,US,US-CA,Beverly Hills,90210
2a12:bec4:12a3:be0::/60,US,US-CA,Beverly Hills,90210
2a12:bec4:12a3:bf0::/60,US,US-CA,Beverly Hills,90210
2a12:bec4:12a3:c00::/60,US,US-CA,Beverly Hills,90210
2a12:bec4:12a3:c10::/60,US,US-CA,Beverly Hills,90210
2a12:bec4:12a3:c20::/60,US,US-CA,Beverly Hills,90210
2a12:bec4:12a3:c30::/60,US,US-CA,Beverly Hills,90210
2a12:bec4:12a3:c40::/60,US,US-CA,Beverly Hills,90210
2a12:bec4:12a3:c50::/60,US,US-CA,Beverly Hills,90210
2a12:bec4:12a3:c60::/60,US,US-CA,Beverly Hills,90210
2a12:bec4:12a3:c70::/60,US,US-CA,Beverly Hills,90210
2a12:bec4:12a3:c80::/60,US,US-CA,Beverly Hills,90210
2a12:bec4:12a3:c90::/60,US,US-CA,Beverly Hills,90210
2a12:bec4:12a3:ca0::/60,US,US-CA,Beverly Hills,90210
2a12:bec4:12a3:cb0::/60,US,US-CA,Beverly Hills,90210
2a12:bec4:12a3:cc0::/60,US,US-CA,Beverly Hills,90210
2a12:bec4:12a3:cd0::/60,US,US-CA,Beverly Hills,90210
2a12:bec4:12a3:ce0::/60,US,US-CA,Beverly Hills,90210
2a12:bec4:12a3:cf0::/60,US,US-CA,Beverly Hills,90210
2a12:bec4:12a3:d00::/60,US,US-CA,Hidden Hills,91302
2a12:bec4:12a3:d10::/60,US,US-CA,Hidden Hills,91302
2a12:bec4:12a3:d20::/60,US,US-CA,Hidden Hills,91302
2a12:bec4:12a3:d30::/60,US,US-CA,Hidden Hills,91302
2a12:bec4:12a3:d40::/60,US,US-CA,Hidden Hills,91302
2a12:bec4:12a3:d50::/60,US,US-CA,Hidden Hills,91302
2a12:bec4:12a3:d60::/60,US,US-CA,Hidden Hills,91302
2a12:bec4:12a3:d70::/60,US,US-CA,Hidden Hills,91302
2a12:bec4:12a3:d80::/60,US,US-CA,Hidden Hills,91302
2a12:bec4:12a3:d90::/60,US,US-CA,Hidden Hills,91302
2a12:bec4:12a3:da0::/60,US,US-CA,Hidden Hills,91302
2a12:bec4:12a3:db0::/60,US,US-CA,Hidden Hills,91302
2a12:bec4:12a3:dc0::/60,US,US-CA,Hidden Hills,91302
2a12:bec4:12a3:dd0::/60,US,US-CA,Hidden Hills,91302
2a12:bec4:12a3:de0::/60,US,US-CA,Hidden Hills,91302
2a12:bec4:12a3:df0::/60,US,US-CA,Hidden Hills,91302
2a12:bec4:12a3:e00::/60,US,US-CA,Hidden Hills,91302
2a12:bec4:12a3:e10::/60,US,US-CA,Hidden Hills,91302
2a12:bec4:12a3:e20::/60,US,US-CA,Hidden Hills,91302
2a12:bec4:12a3:e30::/60,US,US-CA,Hidden Hills,91302
2a12:bec4:12a3:e40::/60,US,US-CA,Hidden Hills,91302
2a12:bec4:12a3:e50::/60,US,US-CA,Hidden Hills,91302
2a12:bec4:12a3:e60::/60,US,US-CA,Hidden Hills,91302
2a12:bec4:12a3:e70::/60,US,US-CA,Hidden Hills,91302
2a12:bec4:12a3:e80::/60,US,US-CA,Hidden Hills,91302
2a12:bec4:12a3:e90::/60,US,US-CA,Hidden Hills,91302
2a12:bec4:12a3:ea0::/60,US,US-CA,Hidden Hills,91302
2a12:bec4:12a3:eb0::/60,US,US-CA,Hidden Hills,91302
2a12:bec4:12a3:ec0::/60,US,US-CA,Hidden Hills,91302
2a12:bec4:12a3:ed0::/60,US,US-CA,Hidden Hills,91302
2a12:bec4:12a3:ee0::/60,US,US-CA,Hidden Hills,91302
2a12:bec4:12a3:ef0::/60,US,US-CA,Hidden Hills,91302
2a12:bec4:12a3:f00::/60,US,US-CA,Calabasas,91302
2a12:bec4:12a3:f10::/60,US,US-CA,Calabasas,91302
2a12:bec4:12a3:f20::/60,US,US-CA,Calabasas,91302
2a12:bec4:12a3:f30::/60,US,US-CA,Calabasas,91302
2a12:bec4:12a3:f40::/60,US,US-CA,Calabasas,91302
2a12:bec4:12a3:f50::/60,US,US-CA,Calabasas,91302
2a12:bec4:12a3:f60::/60,US,US-CA,Calabasas,91302
2a12:bec4:12a3:f70::/60,US,US-CA,Calabasas,91302
2a12:bec4:12a3:f80::/60,US,US-CA,Calabasas,91302
2a12:bec4:12a3:f90::/60,US,US-CA,Calabasas,91302
2a12:bec4:12a3:fa0::/60,US,US-CA,Calabasas,91302
2a12:bec4:12a3:fb0::/60,US,US-CA,Calabasas,91302
2a12:bec4:12a3:fc0::/60,US,US-CA,Calabasas,91302
2a12:bec4:12a3:fd0::/60,US,US-CA,Calabasas,91302
2a12:bec4:12a3:fe0::/60,US,US-CA,Calabasas,91302
2a12:bec4:12a3:ff0::/60,US,US-CA,Calabasas,91302
2a12:bec4:12a3:1000::/60,US,US-CA,Calabasas,91302
2a12:bec4:12a3:1010::/60,US,US-CA,Calabasas,91302
2a12:bec4:12a3:1020::/60,US,US-CA,Calabasas,91302
2a12:bec4:12a3:1030::/60,US,US-CA,Calabasas,91302
2a12:bec4:12a3:1040::/60,US,US-CA,Calabasas,91302
2a12:bec4:12a3:1050::/60,US,US-CA,Calabasas,91302
2a12:bec4:12a3:1060::/60,US,US-CA,Calabasas,91302
2a12:bec4:12a3:1070::/60,US,US-CA,Calabasas,91302
2a12:bec4:12a3:1080::/60,US,US-CA,Calabasas,91302
2a12:bec4:12a3:1090::/60,US,US-CA,Calabasas,91302
2a12:bec4:12a3:10a0::/60,US,US-CA,Calabasas,91302
2a12:bec4:12a3:10b0::/60,US,US-CA,Calabasas,91302
2a12:bec4:12a3:10c0::/60,US,US-CA,Calabasas,91302
2a12:bec4:12a3:10d0::/60,US,US-CA,Calabasas,91302
2a12:bec4:12a3:10e0::/60,US,US-CA,Calabasas,91302
2a12:bec4:12a3:10f0::/60,US,US-CA,Calabasas,91302
2a12:bec4:12a3:1100::/60,US,US-CA,Malibu,
2a12:bec4:12a3:1110::/60,US,US-CA,Malibu,
2a12:bec4:12a3:1120::/60,US,US-CA,Malibu,
2a12:bec4:12a3:1130::/60,US,US-CA,Malibu,
2a12:bec4:12a3:1140::/60,US,US-CA,Malibu,
2a12:bec4:12a3:1150::/60,US,US-CA,Malibu,
2a12:bec4:12a3:1160::/60,US,US-CA,Malibu,
2a12:bec4:12a3:1170::/60,US,US-CA,Malibu,
2a12:bec4:12a3:1180::/60,US,US-CA,Malibu,
2a12:bec4:12a3:1190::/60,US,US-CA,Malibu,
2a12:bec4:12a3:11a0::/60,US,US-CA,Malibu,
2a12:bec4:12a3:11b0::/60,US,US-CA,Malibu,
2a12:bec4:12a3:11c0::/60,US,US-CA,Malibu,
2a12:bec4:12a3:11d0::/60,US,US-CA,Malibu,
2a12:bec4:12a3:11e0::/60,US,US-CA,Malibu,
2a12:bec4:12a3:11f0::/60,US,US-CA,Malibu,
2a12:bec4:12a3:1200::/60,US,US-CA,Santa Monica,
2a12:bec4:12a3:1210::/60,US,US-CA,Santa Monica,
2a12:bec4:12a3:1220::/60,US,US-CA,Santa Monica,
2a12:bec4:12a3:1230::/60,US,US-CA,Santa Monica,
2a12:bec4:12a3:1240::/60,US,US-CA,Santa Monica,
2a12:bec4:12a3:1250::/60,US,US-CA,Santa Monica,
2a12:bec4:12a3:1260::/60,US,US-CA,Santa Monica,
2a12:bec4:12a3:1270::/60,US,US-CA,Santa Monica,
2a12:bec4:12a3:1280::/60,US,US-CA,Santa Monica,
2a12:bec4:12a3:1290::/60,US,US-CA,Santa Monica,
2a12:bec4:12a3:12a0::/60,US,US-CA,Santa Monica,
2a12:bec4:12a3:12b0::/60,US,US-CA,Santa Monica,
2a12:bec4:12a3:12c0::/60,US,US-CA,Santa Monica,
2a12:bec4:12a3:12d0::/60,US,US-CA,Santa Monica,
2a12:bec4:12a3:12e0::/60,US,US-CA,Santa Monica,
2a12:bec4:12a3:12f0::/60,US,US-CA,Santa Monica,
2a12:bec4:12a3:1300::/60,US,US-CA,Palisades,
2a12:bec4:12a3:1310::/60,US,US-CA,Palisades,
2a12:bec4:12a3:1320::/60,US,US-CA,Palisades,
2a12:bec4:12a3:1330::/60,US,US-CA,San Jose,
2a12:bec4:12a3:1340::/60,US,US-OH,Columbus,
2a12:bec4:12a3:1350::/60,US,US-CA,San Francisco,
2a12:bec4:12a3:1360::/60,US,US-FL,Jacksonville,
2a12:bec4:12a3:1370::/60,US,US-IL,Chicago,
2a12:bec4:12a3:1380::/60,US,US-NY,New York City,
2a12:bec4:12a3:1390::/60,US,US-NY,New York City,
2a12:bec4:12a3:13a0::/60,US,US-NY,New York City,
2a12:bec4:12a3:13b0::/60,US,US-NY,New York City,
2a12:bec4:12a3:13c0::/60,US,US-NY,New York City,
2a12:bec4:12a3:13d0::/60,US,US-NY,New York City,
2a12:bec4:12a3:13e0::/60,US,US-NY,New York City,
2a12:bec4:12a3:13f0::/60,US,US-NY,New York City,
2a12:bec4:12a3:1400::/60,US,US-WA,Arlington,
2a12:bec4:12a3:1410::/60,US,US-CA,San Diego,
2a12:bec4:12a3:1420::/60,US,US-FL,Miami,
2a12:bec4:12a3:1430::/60,US,US-CO,Denver,
2a12:bec4:12a3:1440::/60,US,US-GA,Atlanta,
2a12:bec4:12a3:1450::/60,US,US-TX,Austin,
2a12:bec4:12a3:1460::/60,US,US-CO,Denver,
2a12:bec4:12a3:1470::/60,US,US-TN,Memphis,
2a12:bec4:12a3:1480::/60,US,US-NV,Las Vegas,
2a12:bec4:12a3:1490::/60,US,US-NV,Las Vegas,
2a12:bec4:12a3:14a0::/60,US,US-NV,Nellis Airforce Base,
2a12:bec4:12a3:14b0::/60,US,US-NV,Nellis Airforce Base,
2a12:bec4:12a3:14c0::/60,US,US-NV,Nellis Airforce Base,
2a12:bec4:12a3:14d0::/60,US,US-NV,Nellis Airforce Base,
2a12:bec4:12a3:14e0::/60,US,US-NV,Nellis Airforce Base,
2a12:bec4:12a3:14f0::/60,US,US-NV,Nellis Airforce Base,
2a12:bec4:12a3:1500::/60,US,US-NV,Area 51,
2a12:bec4:12a3:1510::/60,US,US-NV,Area 51,
2a12:bec4:12a3:1520::/60,CA,CA-BC,Kamloops,
2a12:bec4:12a3:1530::/60,US,US-KY,Louisville,
2a12:bec4:12a3:1540::/60,US,US-NY,Glens Falls,
2a12:bec4:12a3:1550::/60,US,US-WA,Moses Lake,
2a12:bec4:12a3:1560::/60,US,US-TX,Kirbyville,
2a12:bec4:12a3:1570::/60,US,US-TX,Tyler,
2a12:bec4:12a3:1580::/60,GB,GB-ENG,London,
2a12:bec4:12a3:1590::/60,GB,GB-ENG,London,
2a12:bec4:12a3:15a0::/60,GB,GB-ENG,London,
2a12:bec4:12a3:15b0::/60,GB,GB-ENG,London,
2a12:bec4:12a3:15c0::/60,GB,GB-ENG,London,
2a12:bec4:12a3:15d0::/60,GB,GB-ENG,London,
2a12:bec4:12a3:15e0::/60,GB,GB-ENG,London,
2a12:bec4:12a3:15f0::/60,GB,GB-ENG,London,
2a12:bec4:12a3:1600::/60,GB,GB-ENG,London,
2a12:bec4:12a3:1610::/60,GB,GB-ENG,London,
2a12:bec4:12a3:1620::/60,GB,GB-ENG,London,
2a12:bec4:12a3:1630::/60,GB,GB-ENG,London,
2a12:bec4:12a3:1640::/60,GB,GB-ENG,London,
2a12:bec4:12a3:1650::/60,GB,GB-ENG,London,
2a12:bec4:12a3:1660::/60,GB,GB-ENG,London,
2a12:bec4:12a3:1670::/60,GB,GB-ENG,London,
2a12:bec4:12a3:1680::/60,GB,GB-ENG,London,
2a12:bec4:12a3:1690::/60,GB,GB-ENG,London,
2a12:bec4:12a3:16a0::/60,GB,GB-ENG,London,
2a12:bec4:12a3:16b0::/60,GB,GB-ENG,London,
2a12:bec4:12a3:16c0::/60,GB,GB-ENG,London,
2a12:bec4:12a3:16d0::/60,GB,GB-ENG,London,
2a12:bec4:12a3:16e0::/60,GB,GB-ENG,London,
2a12:bec4:12a3:16f0::/60,GB,GB-ENG,London,
2a12:bec4:12a3:1700::/60,GB,GB-ENG,Knightsbridge,SW1X 7LJ
2a12:bec4:12a3:1710::/60,GB,GB-ENG,Knightsbridge,SW1X 7LJ
2a12:bec4:12a3:1720::/60,GB,GB-ENG,Knightsbridge,SW1X 7LJ
2a12:bec4:12a3:1730::/60,GB,GB-ENG,Knightsbridge,SW1X 7LJ
2a12:bec4:12a3:1740::/60,GB,GB-ENG,Knightsbridge,SW1X 7LJ
2a12:bec4:12a3:1750::/60,GB,GB-ENG,Knightsbridge,SW1X 7LJ
2a12:bec4:12a3:1760::/60,GB,GB-ENG,Knightsbridge,SW1X 7LJ
2a12:bec4:12a3:1770::/60,GB,GB-ENG,Knightsbridge,SW1X 7LJ
2a12:bec4:12a3:1780::/60,GB,GB-ENG,Knightsbridge,SW1X 7LJ
2a12:bec4:12a3:1790::/60,GB,GB-ENG,Knightsbridge,SW1X 7LJ
2a12:bec4:12a3:17a0::/60,GB,GB-ENG,Knightsbridge,SW1X 7LJ
2a12:bec4:12a3:17b0::/60,GB,GB-ENG,Knightsbridge,SW1X 7LJ
2a12:bec4:12a3:17c0::/60,GB,GB-ENG,Knightsbridge,SW1X 7LJ
2a12:bec4:12a3:17d0::/60,GB,GB-ENG,Knightsbridge,SW1X 7LJ
2a12:bec4:12a3:17e0::/60,GB,GB-ENG,Knightsbridge,SW1X 7LJ
2a12:bec4:12a3:17f0::/60,GB,GB-ENG,Knightsbridge,SW1X 7LJ
2a12:bec4:12a3:1800::/60,GB,GB-ENG,Kensington,
2a12:bec4:12a3:1810::/60,GB,GB-ENG,Kensington,
2a12:bec4:12a3:1820::/60,GB,GB-ENG,Kensington,
2a12:bec4:12a3:1830::/60,GB,GB-ENG,Kensington,
2a12:bec4:12a3:1840::/60,GB,GB-ENG,Manchester,
2a12:bec4:12a3:1850::/60,GB,GB-ENG,Manchester,
2a12:bec4:12a3:1860::/60,GB,GB-ENG,Manchester,
2a12:bec4:12a3:1870::/60,GB,GB-ENG,Manchester,
2a12:bec4:12a3:1880::/60,GB,GB-ENG,Birmingham,
2a12:bec4:12a3:1890::/60,GB,GB-ENG,Birmingham,
2a12:bec4:12a3:18a0::/60,GB,GB-ENG,Birmingham,
2a12:bec4:12a3:18b0::/60,GB,GB-ENG,Birmingham,
2a12:bec4:12a3:18c0::/60,GB,GB-ENG,Wallingford,
2a12:bec4:12a3:18d0::/60,GB,GB-ENG,Cornwall,
2a12:bec4:12a3:18e0::/60,GB,GB-ENG,St Ives,
2a12:bec4:12a3:18f0::/60,GB,GB-ENG,Princes Risborough,
2a12:bec4:12a3:1900::/60,GB,GB-SRY,Weybridge,KT13 0NL
2a12:bec4:12a3:1910::/60,GB,GB-SRY,Weybridge,KT13 0NL
2a12:bec4:12a3:1920::/60,GB,GB-SRY,Weybridge,KT13 0NL
2a12:bec4:12a3:1930::/60,GB,GB-SRY,Weybridge,KT13 0NL
2a12:bec4:12a3:1940::/60,GB,GB-SRY,Weybridge,KT13 0NL
2a12:bec4:12a3:1950::/60,GB,GB-SRY,Weybridge,KT13 0NL
2a12:bec4:12a3:1960::/60,GB,GB-SRY,Weybridge,KT13 0NL
2a12:bec4:12a3:1970::/60,GB,GB-SRY,Weybridge,KT13 0NL
2a12:bec4:12a3:1980::/60,GB,GB-SRY,Weybridge,KT13 0NL
2a12:bec4:12a3:1990::/60,GB,GB-SRY,Weybridge,KT13 0NL
2a12:bec4:12a3:19a0::/60,GB,GB-SRY,Weybridge,KT13 0NL
2a12:bec4:12a3:19b0::/60,GB,GB-SRY,Weybridge,KT13 0NL
2a12:bec4:12a3:19c0::/60,GB,GB-SRY,Weybridge,KT13 0NL
2a12:bec4:12a3:19d0::/60,GB,GB-SRY,Weybridge,KT13 0NL
2a12:bec4:12a3:19e0::/60,GB,GB-SRY,Weybridge,KT13 0NL
2a12:bec4:12a3:19f0::/60,GB,GB-SRY,Weybridge,KT13 0NL
2a12:bec4:12a3:1a00::/60,GB,GB-ENG,Hull,
2a12:bec4:12a3:1a10::/60,GB,GB-ENG,Hull,
2a12:bec4:12a3:1a20::/60,GB,GB-ENG,Hull,
2a12:bec4:12a3:1a30::/60,GB,GB-ENG,Hull,
2a12:bec4:12a3:1a40::/60,GB,GB-ENG,Hull,
2a12:bec4:12a3:1a50::/60,GB,GB-ENG,Hull,
2a12:bec4:12a3:1a60::/60,GB,GB-ENG,Hull,
2a12:bec4:12a3:1a70::/60,GB,GB-ENG,Hull,
2a12:bec4:12a3:1a80::/60,GB,GB-ENG,Hull,
2a12:bec4:12a3:1a90::/60,GB,GB-ENG,Hessle,
2a12:bec4:12a3:1aa0::/60,GB,GB-ENG,Hessle,
2a12:bec4:12a3:1ab0::/60,GB,GB-ENG,Hessle,
2a12:bec4:12a3:1ac0::/60,GB,GB-ENG,Hessle,
2a12:bec4:12a3:1ad0::/60,GB,GB-ENG,Hessle,
2a12:bec4:12a3:1ae0::/60,GB,GB-ENG,Hessle,
2a12:bec4:12a3:1af0::/60,GB,GB-ENG,Hessle,
2a12:bec4:12a3:1b00::/60,GB,GB-ENG,Kirk Ella,
2a12:bec4:12a3:1b10::/60,GB,GB-ENG,Grove,
2a12:bec4:12a3:1b20::/60,GB,GB-ENG,Grove,
2a12:bec4:12a3:1b30::/60,GB,GB-ENG,Hook,
2a12:bec4:12a3:1b40::/60,GB,GB-ENG,Hook,
2a12:bec4:12a3:1b50::/60,BG,,Sofia,
2a12:bec4:12a3:1b60::/60,BE,,Brussels,
2a12:bec4:12a3:1b70::/60,IN,,Mumbai,
2a12:bec4:12a3:1b80::/60,SG,,Singapore,
2a12:bec4:12a3:1b90::/60,ZA,,Cape Town,
2a12:bec4:12a3:1ba0::/60,ES,,Madrid,
2a12:bec4:12a3:1bb0::/60,AT,,Vienna,
2a12:bec4:12a3:1bc0::/60,CH,,Zurich,
2a12:bec4:12a3:1bd0::/60,DE,,Frankfurt am Main,
2a12:bec4:12a3:1be0::/60,CA,,Toronto,
2a12:bec4:12a3:1bf0::/60,NL,,Amsterdam,
2a12:bec4:12a3:1c00::/60,NL,,Axel,
2a12:bec4:12a3:1c10::/60,NL,,Axel,
2a12:bec4:12a3:1c20::/60,NL,,Axel,
2a12:bec4:12a3:1c30::/60,NL,,Axel,
2a12:bec4:12a3:1c40::/60,NL,,Axel,
2a12:bec4:12a3:1c50::/60,NL,,Axel,
2a12:bec4:12a3:1c60::/60,NL,,Axel,
2a12:bec4:12a3:1c70::/60,NL,,Axel,
2a12:bec4:12a3:1c80::/60,NL,,Axel,
2a12:bec4:12a3:1c90::/60,NL,,Axel,
2a12:bec4:12a3:1ca0::/60,NL,,Axel,
2a12:bec4:12a3:1cb0::/60,NL,,Axel,
2a12:bec4:12a3:1cc0::/60,NL,,Axel,
2a12:bec4:12a3:1cd0::/60,NL,,Axel,
2a12:bec4:12a3:1ce0::/60,NL,,Axel,
2a12:bec4:12a3:1cf0::/60,NL,,Axel,
2a12:bec4:12a3:1d00::/60,NL,,Axel,
2a12:bec4:12a3:1d10::/60,NL,,Axel,
2a12:bec4:12a3:1d20::/60,NL,,Axel,
2a12:bec4:12a3:1d30::/60,NL,,Axel,
2a12:bec4:12a3:1d40::/60,NL,,Axel,
2a12:bec4:12a3:1d50::/60,NL,,Axel,
2a12:bec4:12a3:1d60::/60,NL,,Axel,
2a12:bec4:12a3:1d70::/60,NL,,Axel,
2a12:bec4:12a3:1d80::/60,NL,,Axel,
2a12:bec4:12a3:1d90::/60,NL,,Axel,
2a12:bec4:12a3:1da0::/60,NL,,Axel,
2a12:bec4:12a3:1db0::/60,NL,,Axel,
2a12:bec4:12a3:1dc0::/60,NL,,Axel,
2a12:bec4:12a3:1dd0::/60,NL,,Axel,
2a12:bec4:12a3:1de0::/60,NL,,Axel,
2a12:bec4:12a3:1df0::/60,NL,,Axel,
2a12:bec4:12a3:1e00::/60,AU,,Canberra,
2a12:bec4:12a3:1e10::/60,AU,AU-NSW,Sydney,
2a12:bec4:12a3:1e20::/60,AU,AU-NSW,Sydney,
2a12:bec4:12a3:1e30::/60,AU,AU-NSW,Sydney,
2a12:bec4:12a3:1e40::/60,AU,AU-NSW,Sydney,
2a12:bec4:12a3:1e50::/60,AU,AU-NSW,Sydney,
2a12:bec4:12a3:1e60::/60,TW,,Taipei,
2a12:bec4:12a3:1e70::/60,NO,,Oslo,
2a12:bec4:12a3:1e80::/60,JP,,Tokyo,
2a12:bec4:12a3:1e90::/60,JP,,Tokyo,
2a12:bec4:12a3:1ea0::/60,JP,,Tokyo,
2a12:bec4:12a3:1eb0::/60,JP,,Tokyo,
2a12:bec4:12a3:1ec0::/60,JP,,Tokyo,
2a12:bec4:12a3:1ed0::/60,JP,,Tokyo,
2a12:bec4:12a3:1ee0::/60,JP,,Tokyo,
2a12:bec4:12a3:1ef0::/60,JP,,Tokyo,
2a12:bec4:12a3:1f00::/60,JP,,Yokohama,
2a12:bec4:12a3:1f10::/60,JP,,Kyoto,
2a12:bec4:12a3:1f20::/60,JP,,Osaka,
2a12:bec4:12a3:1f30::/60,JP,,Higashihiroshima,
2a12:bec4:12a3:1f40::/60,FR,,Paris,
2a12:bec4:12a3:1f50::/60,FR,,Marseille,
2a12:bec4:12a3:1f60::/60,FR,,Gravelines,
2a12:bec4:12a3:1f70::/60,IT,,Milan,
2a12:bec4:12a3:1f80::/60,SE,,Stockholm,
2a12:bec4:12a3:1f90::/60,BR,,Rio de Janeiro,
2a12:bec4:12a3:1fa0::/60,DK,,Copenhagen,
2a12:bec4:12a3:1fb0::/60,KY,,George Town,
2a12:bec4:12a3:1fc0::/60,BS,,Nassau,
2a12:bec4:12a3:1fd0::/60,TC,,,
2a12:bec4:12a3:1fe0::/60,BM,,,
2a12:bec4:12a3:1ff0::/60,VG,,Road Town,
2a12:bec4:12a3:2000::/60,VI,,Charlotte Amalie,
2a12:bec4:12a3:2010::/60,VI,,Charlotte Amalie,
2a12:bec4:12a3:2020::/60,VI,,Charlotte Amalie,
2a12:bec4:12a3:2030::/60,VI,,Charlotte Amalie,
2a12:bec4:12a3:2040::/60,VI,,Charlotte Amalie,
2a12:bec4:12a3:2050::/60,VI,,Charlotte Amalie,
2a12:bec4:12a3:2060::/60,VI,,Charlotte Amalie,
2a12:bec4:12a3:2070::/60,VI,,Charlotte Amalie,
2a12:bec4:12a3:2080::/60,VI,,Charlotte Amalie,
2a12:bec4:12a3:2090::/60,LC,,Castries,
2a12:bec4:12a3:20a0::/60,HM,,,
2a12:bec4:12a3:20b0::/60,AQ,,,
2a12:bec4:12a3:20c0::/60,ES,ES-AN,Malaga,
2a12:bec4:12a3:20d0::/60,LU,,Luxembourg,
2a12:bec4:12a3:20e0::/60,RO,,Bucharest,
2a12:bec4:12a3:20f0::/60,PR,,San Juan,
2a12:bec4:12a3:2100::/60,GL,,Nuuk,
2a12:bec4:12a3:2110::/60,IS,,Reykjavik,
2a12:bec4:12a3:2120::/60,MV,,Male,
2a12:bec4:12a3:2130::/60,FJ,,Suva,
2a12:bec4:12a3:2140::/60,CK,,Avarua,
2a12:bec4:12a3:2150::/60,CC,,West Island,
2a12:bec4:12a3:2160::/60,CX,,Flying Fish Cove,
2a12:bec4:12a3:2170::/60,BV,,,
2a12:bec4:12a3:2180::/60,NZ,,Westport,
2a12:bec4:12a3:2190::/60,FI,,Helsinki,
2a12:bec4:12a3:21a0::/60,GI,,,
2a12:bec4:12a3:21b0::/60,MD,,,
2a12:bec4:12a3:21c0::/60,AR,,Resistencia,
2a12:bec4:12a3:21d0::/60,VN,,Ho Chi Minh City,
2a12:bec4:12a3:21e0::/60,AF,AF-BDS,Badakhshan,
2a12:bec4:12a3:21f0::/60,UM,,Wake Island,
2a12:bec4:12a3:2200::/60,UM,,Navassa Island,
2a12:bec4:12a3:2210::/60,KM,,Moroni,
2a12:bec4:12a3:2220::/60,CY,,Limassol,
2a12:bec4:12a3:2230::/60,EG,,Luxor,
2a12:bec4:12a3:2240::/60,IQ,,Karbala,
2a12:bec4:12a3:2250::/60,IR,,Arak,
2a12:bec4:12a3:2260::/60,RU,RU-MOW,Moscow,
2a12:bec4:12a3:2270::/60,RU,RU-MOW,Moscow,
2a12:bec4:12a3:2280::/60,RU,RU-MOW,Moscow,
2a12:bec4:12a3:2290::/60,RU,RU-MOW,Moscow,
2a12:bec4:12a3:22a0::/60,RU,RU-MOW,Moscow,
2a12:bec4:12a3:22b0::/60,RU,RU-MOW,Moscow,
2a12:bec4:12a3:22c0::/60,RU,RU-MOW,Moscow,
2a12:bec4:12a3:22d0::/60,RU,RU-MOW,Moscow,
2a12:bec4:12a3:22e0::/60,RU,RU-MOW,Moscow,
2a12:bec4:12a3:22f0::/60,RU,RU-MOW,Moscow,
2a12:bec4:12a3:2300::/60,RU,RU-MOW,Moscow,
2a12:bec4:12a3:2310::/60,RU,RU-MOW,Moscow,
2a12:bec4:12a3:2320::/60,RU,RU-MOW,Moscow,
2a12:bec4:12a3:2330::/60,RU,RU-MOW,Moscow,
2a12:bec4:12a3:2340::/60,RU,RU-MOW,Moscow,
2a12:bec4:12a3:2350::/60,RU,RU-MOW,Moscow,
2a12:bec4:12a3:2360::/60,RU,RU-SPE,Saint Petersburg,
2a12:bec4:12a3:2370::/60,RU,RU-SPE,Saint Petersburg,
2a12:bec4:12a3:2380::/60,RU,RU-SPE,Saint Petersburg,
2a12:bec4:12a3:2390::/60,RU,RU-SPE,Saint Petersburg,
2a12:bec4:12a3:23a0::/60,RU,RU-SPE,Saint Petersburg,
2a12:bec4:12a3:23b0::/60,RU,,Kaliningrad,
2a12:bec4:12a3:23c0::/60,RU,,Kaliningrad,
2a12:bec4:12a3:23d0::/60,RU,,Kaliningrad,
2a12:bec4:12a3:23e0::/60,RU,RU-NVS,Novosibirsk,
2a12:bec4:12a3:23f0::/60,RU,RU-NVS,Novosibirsk,
2a12:bec4:12a3:2400::/60,RU,RU-NVS,Novosibirsk,
2a12:bec4:12a3:2410::/60,RU,,Omsk,
2a12:bec4:12a3:2420::/60,RU,,Omsk,
2a12:bec4:12a3:2430::/60,RU,RU-TA,Kazan,
2a12:bec4:12a3:2440::/60,RU,,Norilsk,
2a12:bec4:12a3:2450::/60,RU,,Norilsk,
2a12:bec4:12a3:2460::/60,RU,,Norilsk,
2a12:bec4:12a3:2470::/60,RU,,Norilsk,
2a12:bec4:12a3:2480::/60,RU,,Norilsk,
2a12:bec4:12a3:2490::/60,RU,,Norilsk,
2a12:bec4:12a3:24a0::/60,RU,,Norilsk,
2a12:bec4:12a3:24b0::/60,RU,,Norilsk,
2a12:bec4:12a3:24c0::/60,RU,,Norilsk,
2a12:bec4:12a3:24d0::/60,RU,,Norilsk,
2a12:bec4:12a3:24e0::/60,RU,RU-BA,Ufa,
2a12:bec4:12a3:24f0::/60,RU,,Chita,
2a12:bec4:12a3:2500::/60,RU,,Yuzhno Sakhalinsk,
2a12:bec4:12a3:2510::/60,RU,,Irkutsk,
2a12:bec4:12a3:2520::/60,RU,,Vladivostok,
2a12:bec4:12a3:2530::/60,RU,,Ekaterinburg,
2a12:bec4:12a3:2540::/60,RU,,Samara,
2a12:bec4:12a3:2550::/60,RU,,Petropavlovsk Kamchatski,
2a12:bec4:12a3:2560::/60,RU,RU-YAR,Volga,
2a12:bec4:12a3:2570::/60,KR,,Seoul,
2a12:bec4:12a3:2580::/60,KR,,Busan,
2a12:bec4:12a3:2590::/60,KR,,Incheon,
2a12:bec4:12a3:25a0::/60,KR,,Daegu,
2a12:bec4:12a3:25b0::/60,KR,,Daejeon,
2a12:bec4:12a3:25c0::/60,KR,,Gwangju,
2a12:bec4:12a3:25d0::/60,CN,,Shanghai,
2a12:bec4:12a3:25e0::/60,CN,,Beijing,
2a12:bec4:12a3:25f0::/60,CN,,Guangzhou,
2a12:bec4:12a3:2600::/60,CN,,Shenzhen,
2a12:bec4:12a3:2610::/60,AE,,Dubai,
2a12:bec4:12a3:2620::/60,KN,,Basseterre,
2a12:bec4:12a3:2630::/60,PT,,Lisbon,
2a12:bec4:12a3:2640::/60,PL,,Warsaw,
2a12:bec4:12a3:2650::/60,PS,,East Jerusalem,
2a12:bec4:12a3:2660::/60,ID,,Jakarta,
2a12:bec4:12a3:2670::/60,ML,,Bamako,
2a12:bec4:12a3:2680::/60,MT,,Valletta,
2a12:bec4:12a3:2690::/60,MH,,Majuro,
2a12:bec4:12a3:26a0::/60,NF,,Kingston,
2a12:bec4:12a3:26b0::/60,VA,,,
2a12:bec4:12a3:26c0::/60,TF,,Le Gabode,
2a12:bec4:12a3:26d0::/60,PF,,Papeete,
2a12:bec4:12a3:26e0::/60,PF,,Bora Bora,
2a12:bec4:12a3:26f0::/60,GF,,Cayenne,
2a12:bec4:12a3:2700::/60,CL,,Santiago,
2a12:bec4:12a3:2710::/60,UA,,Kyiv,
2a12:bec4:12a3:2720::/60,CV,,Praia,
2a12:bec4:12a3:2730::/60,HU,,Budapest,
2a12:bec4:12a3:2740::/60,VI,,Frederiksted,
2a12:bec4:12a3:2750::/60,VI,,Cruz Bay,
2a12:bec4:12a3:2760::/60,RU,,Zlatoust,
2a12:bec4:12a3:2770::/60,RU,,Armavir,
2a12:bec4:12a3:2780::/60,RU,,Khasavyurt,
2a12:bec4:12a3:2790::/60,RU,,Kislovodsk,
2a12:bec4:12a3:27a0::/60,RU,,Nevinnomyssk,
2a12:bec4:12a3:27b0::/60,RU,,Novocheboksarsk,
2a12:bec4:12a3:27c0::/60,RU,,Derbent,
2a12:bec4:12a3:27d0::/60,RU,,Bodaybo,
2a12:bec4:12a3:27e0::/60,RU,,Bogorodsk,
2a12:bec4:12a3:27f0::/60,RU,,Mozhaysk,
2a12:bec4:12a3:2800::/60,RU,,Buguruslan,
2a12:bec4:12a3:2810::/60,RU,,Birsk,
2a12:bec4:12a3:2820::/60,RU,,Kirovsk,
2a12:bec4:12a3:2830::/60,RU,,Krasnouralsk,
2a12:bec4:12a3:2840::/60,RU,,Yuryev-Polsky,
2a12:bec4:12a3:2850::/60,RU,,Svetlograd,
2a12:bec4:12a3:2860::/60,RU,,Ozyorsk,
2a12:bec4:12a3:2870::/60,RU,,Zelenogorsk,
2a12:bec4:12a3:2880::/60,RU,,Krasnouralsk,
2a12:bec4:12a3:2890::/60,RU,,Volzhsk,
2a12:bec4:12a3:28a0::/60,RU,,Divnogorsk,
2a12:bec4:12a3:28b0::/60,RU,,Kaliningrad,
2a12:bec4:12a3:28c0::/60,RU,,Naberezhnye Chelny,
2a12:bec4:12a3:28d0::/60,RU,,Kirov,
2a12:bec4:12a3:28e0::/60,RU,,Tolyatti,
2a12:bec4:12a3:28f0::/60,RU,,Krasnodar,
2a12:bec4:12a3:2900::/60,GB,GB-ENG,Brent Pelham,
2a12:bec4:12a3:2910::/60,GB,GB-ENG,St Albans,
2a12:bec4:12a3:2920::/60,GB,GB-ENG,Alton,
2a12:bec4:12a3:2930::/60,GB,GB-ENG,Leeds,
2a12:bec4:12a3:2940::/60,GB,GB-ENG,Sheffield,
2a12:bec4:12a3:2950::/60,GB,GB-ENG,Denmead,
2a12:bec4:12a3:2960::/60,GB,GB-ENG,Burbage,
2a12:bec4:12a3:2970::/60,GB,GB-ENG,Cardiff,
2a12:bec4:12a3:2980::/60,GB,GB-ENG,Bristol,
2a12:bec4:12a3:2990::/60,GB,GB-ENG,Liverpool,
2a12:bec4:12a3:29a0::/60,GB,GB-NIR,Belfast,
2a12:bec4:12a3:29b0::/60,GB,GB-SCT,Glasgow,
2a12:bec4:12a3:29c0::/60,GB,GB-SCT,Edinburgh,
2a12:bec4:12a3:29d0::/60,GB,GB-ENG,Coventry,
2a12:bec4:12a3:29e0::/60,GB,GB-ENG,Coventry,
2a12:bec4:12a3:29f0::/60,GB,GB-ENG,Wigan,
2a12:bec4:12a3:2a00::/60,GB,GB-ENG,Wolverhampton,
2a12:bec4:12a3:2a10::/60,GB,GB-ENG,Sutton Coldfield,
2a12:bec4:12a3:2a20::/60,GB,GB-ENG,Grimsby,
2a12:bec4:12a3:2a30::/60,GB,GB-ENG,Letchworth,
2a12:bec4:12a3:2a40::/60,GB,GB-ENG,Bexhill,
2a12:bec4:12a3:2a50::/60,GB,GB-ENG,Bampton,
2a12:bec4:12a3:2a60::/60,US,US-NV,North Las Vegas,
2a12:bec4:12a3:2a70::/60,US,US-UT,West Valley City,
2a12:bec4:12a3:2a80::/60,US,US-WI,Madison,
2a12:bec4:12a3:2a90::/60,US,US-WY,Rock Springs,
2a12:bec4:12a3:2aa0::/60,US,US-NC,Durham,
2a12:bec4:12a3:2ab0::/60,US,US-MO,Independence,
2a12:bec4:12a3:2ac0::/60,US,US-ME,Bangor,
2a12:bec4:12a3:2ad0::/60,US,US-MS,Gulfport,
2a12:bec4:12a3:2ae0::/60,US,US-HI,Honolulu,
2a12:bec4:12a3:2af0::/60,US,US-AR,Jonesboro,
2a12:bec4:12a3:2b00::/60,US,US-AZ,Glendale,
2a12:bec4:12a3:2b10::/60,US,US-AL,Tuscaloosa,
2a12:bec4:12a3:2b20::/60,US,US-CT,Hartford,
2a12:bec4:12a3:2b30::/60,US,US-CA,Sacramento,
2a12:bec4:12a3:2b40::/60,US,US-AK,Anchorage,
2a12:bec4:12a3:2b50::/60,US,US-MO,Kansas City,
2a12:bec4:12a3:2b60::/60,JP,,Onomichi,
2a12:bec4:12a3:2b70::/60,JP,,Komatsushima,
2a12:bec4:12a3:2b80::/60,JP,,Kitakyushu,
2a12:bec4:12a3:2b90::/60,JP,,Hiroshima,
2a12:bec4:12a3:2ba0::/60,JP,,Iizuka,
2a12:bec4:12a3:2bb0::/60,JP,,Yanagawa,
2a12:bec4:12a3:2bc0::/60,JP,,Akashi,
2a12:bec4:12a3:2bd0::/60,JP,,Amagasaki,
2a12:bec4:12a3:2be0::/60,JP,,Ukiha,
2a12:bec4:12a3:2bf0::/60,JP,,Higashihiroshima,
2a12:bec4:12a3:2c00::/60,US,US-AK,Chicken,
2a12:bec4:12a3:2c10::/60,US,US-CA,Weed,
2a12:bec4:12a3:2c20::/60,GB,GB-WLS,Llanfairpwllgwyngyll,
2a12:bec4:12a3:2c30::/60,US,US-OK,Hooker,
2a12:bec4:12a3:2c40::/60,US,US-SD,Gayville,
2a12:bec4:12a3:2c50::/60,US,US-MI,Gaylord,
2a12:bec4:12a3:2c60::/60,BR,BR-GO,CACHOEIRA DOURADA GOIAS,
2a12:bec4:12a3:2c70::/60,BR,BR-RJ,URURAI,
2a12:bec4:12a3:2c80::/60,PE,PE-ARE,AREQUIPA,
2a12:bec4:12a3:2c90::/60,IN,IN-DL,NEW DELHI,
2a12:bec4:12a3:2ca0::/60,AR,AR-C,BELGRANO,
2a12:bec4:12a3:2cb0::/60,DO,DO-21,SAN CRISTOBAL,
2a12:bec4:12a3:2cc0::/60,DO,DO-05,LOMA DE CABRERA,
2a12:bec4:12a3:2cd0::/60,BR,BR-MS,CENTRO,
2a12:bec4:12a3:2ce0::/60,MX,MX-JAL,GUADALAJARA,
2a12:bec4:12a3:2cf0::/60,IT,IT-75,CASTELLANETA,
2a12:bec4:12a3:2d00::/60,PK,PK-SD,Karachi,
2a12:bec4:12a3:2d10::/60,DO,DO-01,SANTO DOMINGO,
2a12:bec4:12a3:2d20::/60,CO,CO-HUI,HUILA,
2a12:bec4:12a3:2d30::/60,CO,CO-DC,BOGOTA,
2a12:bec4:12a3:2d40::/60,US,US-KS,EVEREST,
2a12:bec4:12a3:2d50::/60,OM,OM-MA,Muscat,
2a12:bec4:12a3:2d60::/60,PE,PE-LIM,VILLA EL SALVADOR,
2a12:bec4:12a3:2d70::/60,US,US-WI,WITTENBERG,
2a12:bec4:12a3:2d80::/60,DO,DO-25,Santiago De los Caballeros,
2a12:bec4:12a3:2d90::/60,VE,VE-V,Maracaibo,
2a12:bec4:12a3:2da0::/60,US,US-AZ,PHOENIX,
2a12:bec4:12a3:2db0::/60,US,US-MO,ST LOUIS,
2a12:bec4:12a3:2dc0::/60,US,US-CA,SAN JOSE,
2a12:bec4:12a3:2dd0::/60,US,US-NJ,HACKENSACK,
2a12:bec4:12a3:2de0::/60,US,US-CO,DENVER,
2a12:bec4:12a3:2df0::/60,CA,CA-QC,MONTREAL,
2a12:bec4:12a3:2e00::/60,CA,CA-BC,VANCOUVER,
2a12:bec4:12a3:2e10::/60,US,US-DE,WILMINGTON,
2a12:bec4:12a3:2e20::/60,US,US-VA,ASHBURN,
2a12:bec4:12a3:2e30::/60,US,US-FL,MIAMI,
2a12:bec4:12a3:2e40::/60,US,US-MA,BOSTON,
2a12:bec4:12a3:2e50::/60,US,US-TX,HOUSTON,
2a12:bec4:12a3:2e60::/60,US,US-CA,LOS ANGELES,
2a12:bec4:12a3:2e70::/60,US,US-GA,ATLANTA,
2a12:bec4:12a3:2e80::/60,CA,CA-ON,BOLTON,
2a12:bec4:12a3:2e90::/60,CA,CA-ON,MARKHAM,
2a12:bec4:12a3:2ea0::/60,CA,CA-QC,SAINT LAURENT,
2a12:bec4:12a3:2eb0::/60,CA,CA-ON,OAKVILLE,
2a12:bec4:12a3:2ec0::/60,US,US-MN,MINNEAPOLIS,
2a12:bec4:12a3:2ed0::/60,CA,CA-ON,TORONTO,
2a12:bec4:12a3:2ee0::/60,CA,CA-ON,BRAMPTON,
2a12:bec4:12a3:2ef0::/60,CA,CA-ON,ETOBICOKE,
2a12:bec4:12a3:2f00::/60,CA,CA-ON,BURLINGTON,
2a12:bec4:12a3:2f10::/60,CA,CA-ON,MISSISSAUGA,
2a12:bec4:12a3:2f20::/60,US,US-LA,MANDEVILLE,
2a12:bec4:12a3:2f30::/60,US,US-LA,BATON ROUGE,
2a12:bec4:12a3:2f40::/60,US,US-LA,COVINGTON,
2a12:bec4:12a3:2f50::/60,US,US-LA,HARVEY,
2a12:bec4:12a3:2f60::/60,US,US-LA,SAINT JAMES,
2a12:bec4:12a3:2f70::/60,US,US-LA,JEFFERSON,
2a12:bec4:12a3:2f80::/60,US,US-MS,RIDGELAND,
2a12:bec4:12a3:2f90::/60,US,US-LA,BROUSSARD,
2a12:bec4:12a3:2fa0::/60,US,US-LA,HOUMA,
2a12:bec4:12a3:2fb0::/60,US,US-MA,WALTHAM,
2a12:bec4:12a3:2fc0::/60,US,US-AL,MOBILE,
2a12:bec4:12a3:2fd0::/60,US,US-LA,GROSSE TETE,
2a12:bec4:12a3:2fe0::/60,US,US-CA,PASADENA,
2a12:bec4:12a3:2ff0::/60,US,US-AL,DAPHNE,
2a12:bec4:12a3:3000::/60,US,US-LA,NEW ORLEANS,
2a12:bec4:12a3:3010::/60,US,US-LA,METAIRIE,
2a12:bec4:12a3:3020::/60,US,US-MS,CRYSTAL SPRINGS,
2a12:bec4:12a3:3030::/60,US,US-NY,QUEENS,
2a12:bec4:12a3:3040::/60,US,US-NJ,WEEHAWKEN,
2a12:bec4:12a3:3050::/60,US,US-NJ,NEWARK,
2a12:bec4:12a3:3060::/60,US,US-NY,NEW YORK,
2a12:bec4:12a3:3070::/60,US,US-NY,UNIONDALE,
2a12:bec4:12a3:3080::/60,US,US-NY,ARMONK,
2a12:bec4:12a3:3090::/60,US,US-NY,ITHACA,
2a12:bec4:12a3:30a0::/60,US,US-NY,STATEN ISLAND,
2a12:bec4:12a3:30b0::/60,US,US-NJ,SECAUCUS,
2a12:bec4:12a3:30c0::/60,US,US-WA,SEATTLE,
2a12:bec4:12a3:30d0::/60,US,US-NY,BROOKLYN,
2a12:bec4:12a3:30e0::/60,US,US-NY,NEW YORK,
2a12:bec4:12a3:30f0::/60,US,US-FL,ORLANDO,
2a12:bec4:12a3:3100::/60,US,US-NJ,JERSEY CITY,
2a12:bec4:12a3:3110::/60,US,US-OH,DUBLIN,
2a12:bec4:12a3:3120::/60,US,US-OH,CANTON,
2a12:bec4:12a3:3130::/60,US,US-OH,PORTSMOUTH,
2a12:bec4:12a3:3140::/60,US,US-KY,LEXINGTON,
2a12:bec4:12a3:3150::/60,US,US-OH,BROOKVILLE,
2a12:bec4:12a3:3160::/60,US,US-GA,LITHIA SPRINGS,
2a12:bec4:12a3:3170::/60,US,US-OH,BLUE ASH,
2a12:bec4:12a3:3180::/60,US,US-OH,WESTERVILLE,
2a12:bec4:12a3:3190::/60,US,US-OH,BEDFORD,
2a12:bec4:12a3:31a0::/60,US,US-KY,MIDDLETOWN,
2a12:bec4:12a3:31b0::/60,US,US-KY,FLORENCE,
2a12:bec4:12a3:31c0::/60,US,US-MI,SOUTHFIELD,
2a12:bec4:12a3:31d0::/60,US,US-OH,ZANESVILLE,
2a12:bec4:12a3:31e0::/60,US,US-OH,GROVE CITY,
2a12:bec4:12a3:31f0::/60,US,US-OH,FINDLAY,
2a12:bec4:12a3:3200::/60,US,US-OH,WILMINGTON,
2a12:bec4:12a3:3210::/60,US,US-OH,BROOKLYN HEIGHTS,
2a12:bec4:12a3:3220::/60,US,US-KY,ERLANGER,
2a12:bec4:12a3:3230::/60,US,US-OH,CINCINNATI,
2a12:bec4:12a3:3240::/60,US,US-OH,COLUMBUS,
2a12:bec4:12a3:3250::/60,US,US-OH,HEBRON,
2a12:bec4:12a3:3260::/60,US,US-OH,Dayton,
2a12:bec4:12a3:3270::/60,US,US-OH,INDEPENDENCE,
2a12:bec4:12a3:3280::/60,US,US-OH,CLEVELAND,
2a12:bec4:12a3:3290::/60,US,US-OH,LEWIS CENTER,
2a12:bec4:12a3:32a0::/60,US,US-OH,MONROE,
2a12:bec4:12a3:32b0::/60,US,US-IL,NILES,
2a12:bec4:12a3:32c0::/60,US,US-IL,FRANKLIN PARK,
2a12:bec4:12a3:32d0::/60,US,US-DC,WASHINGTON,
2a12:bec4:12a3:32e0::/60,US,US-IL,ELK GROVE VILLAGE,
2a12:bec4:12a3:32f0::/60,US,US-IL,WEST CHICAGO,
2a12:bec4:12a3:3300::/60,US,US-IL,CHICAGO,
2a12:bec4:12a3:3310::/60,US,US-IN,INDIANAPOLIS,
2a12:bec4:12a3:3320::/60,US,US-MO,KANSAS CITY,
2a12:bec4:12a3:3330::/60,US,US-FL,MIAMI,
2a12:bec4:12a3:3340::/60,US,US-MO,ST LOUIS,
2a12:bec4:12a3:3350::/60,US,US-NC,CHARLOTTE,
2a12:bec4:12a3:3360::/60,CA,CA-BC,VANCOUVER,
2a12:bec4:12a3:3370::/60,US,US-FL,JACKSONVILLE,
2a12:bec4:12a3:3380::/60,US,US-TX,DALLAS,
2a12:bec4:12a3:3390::/60,US,US-NE,OMAHA,
2a12:bec4:12a3:33a0::/60,CA,CA-ON,TORONTO,
2a12:bec4:12a3:33b0::/60,DO,DO-06,PIMENTEL,
2a12:bec4:12a3:33c0::/60,AR,AR-J,SANTA LUCIA,
2a12:bec4:12a3:33d0::/60,BR,BR-RS,AUXILIADORA,
2a12:bec4:12a3:33e0::/60,BR,BR-RS,LOMBA DO PINHEIRO,
2a12:bec4:12a3:33f0::/60,AR,AR-N,OBERA,
2a12:bec4:12a3:3400::/60,AR,AR-B,FATIMA,
2a12:bec4:12a3:3410::/60,AR,AR-B,SAN BERNARDO,
2a12:bec4:12a3:3420::/60,ID,ID-BA,DENPASAR,
2a12:bec4:12a3:3430::/60,BR,BR-MA,CENTRO,
2a12:bec4:12a3:3440::/60,CL,CL-RM,PUENTE ALTO,
2a12:bec4:12a3:3450::/60,BR,BR-RS,BOTAFOGO,
2a12:bec4:12a3:3460::/60,AE,AE-SH,SHARJAH,
2a12:bec4:12a3:3470::/60,MX,MX-COA,SIERRA MOJADA,
2a12:bec4:12a3:3480::/60,IN,IN-UP,LUCKNOW,
2a12:bec4:12a3:3490::/60,BR,BR-MA,PASSAGEM FRANCA,
2a12:bec4:12a3:34a0::/60,BR,BR-SC,CENTRO MELEIRO,
2a12:bec4:12a3:34b0::/60,VE,VE-V,Maracaibo,
2a12:bec4:12a3:34c0::/60,IN,IN-KA,BENGALURU,
2a12:bec4:12a3:34d0::/60,BR,BR-PA,CENTRO,
2a12:bec4:12a3:34e0::/60,AR,AR-C,BUENOS AIRES,
2a12:bec4:12a3:34f0::/60,AR,AR-T,MONTEROS,
2a12:bec4:12a3:3500::/60,VE,VE-V,CIUDAD OJEDA,
2a12:bec4:12a3:3510::/60,BR,BR-MT,RONDONOPOLIS,
2a12:bec4:12a3:3520::/60,BR,BR-PA,BARCARENA,
2a12:bec4:12a3:3530::/60,AR,AR-S,VILLA CONSTITUCION,
2a12:bec4:12a3:3540::/60,MX,MX-CMX,MEXICO D F,
2a12:bec4:12a3:3550::/60,BR,BR-RJ,VICENTE DE CARVALHO,
2a12:bec4:12a3:3560::/60,CL,CL-RM,CHACABUCO,
2a12:bec4:12a3:3570::/60,GB,GB-ENG,HARLOW,
2a12:bec4:12a3:3580::/60,IQ,IQ-BG,Baghdad,
2a12:bec4:12a3:3590::/60,AR,AR-B,MAR DEL TUYU,
2a12:bec4:12a3:35a0::/60,NL,NL-NH,HALFWEG,
2a12:bec4:12a3:35b0::/60,US,US-IL,CHICAGO,
2a12:bec4:12a3:35c0::/60,US,US-CA,SAN JOSE,
2a12:bec4:12a3:35d0::/60,US,US-CA,LOS ANGELES,
2a12:bec4:12a3:35e0::/60,SV,SV-LI,ANTIGUO CUSCATLAN,
2a12:bec4:12a3:35f0::/60,HN,HN-CR,San Pedro Sula,
2a12:bec4:12a3:3600::/60,AR,AR-B,SANTA TERESITA,
2a12:bec4:12a3:3610::/60,IQ,IQ-KR,KURDISTAN,
2a12:bec4:12a3:3620::/60,DO,DO-14,NAGUA,
2a12:bec4:12a3:3630::/60,MX,MX-OAX,SAN FRANCISCO TELIXTLAHUACA,
2a12:bec4:12a3:3640::/60,DO,DO-25,Santiago De Los Caballeros,
2a12:bec4:12a3:3650::/60,MX,MX-CHH,CIUDAD JUAREZ,
2a12:bec4:12a3:3660::/60,PE,PE-ARE,Arequipa,
2a12:bec4:12a3:3670::/60,PA,PA-8,Panama City,
2a12:bec4:12a3:3680::/60,VE,VE-D,MARACAY,
2a12:bec4:12a3:3690::/60,VE,VE-M,Cua,
2a12:bec4:12a3:36a0::/60,MX,MX-CHP,TUXTLA GUTIERREZ,
2a12:bec4:12a3:36b0::/60,BR,BR-PB,Padre Ze Joao Pessoa,
2a12:bec4:12a3:36c0::/60,US,US-CO,PARKER,
2a12:bec4:12a3:36d0::/60,ES,ES-GA,MELIDE A CORUNA,
2a12:bec4:12a3:36e0::/60,DO,DO-25,SANTIAGO DE LOS CABALLEROS,
2a12:bec4:12a3:36f0::/60,BR,BR-SP,JARDIM RECORD,
2a12:bec4:12a3:3700::/60,DO,DO-27,Esperanza,
2a12:bec4:12a3:3710::/60,US,US-WV,HUNTINGTON,
2a12:bec4:12a3:3720::/60,US,US-DC,WASHINGTON,
2a12:bec4:12a3:3730::/60,US,US-MI,WYANDOTTE,
2a12:bec4:12a3:3740::/60,US,US-DC,WASHINGTON DC,
2a12:bec4:12a3:3750::/60,LB,LB-JL,Nahr El Mot,
2a12:bec4:12a3:3760::/60,US,US-NH,MANCHESTER,
2a12:bec4:12a3:3770::/60,US,US-IL,SAYBROOK,
2a12:bec4:12a3:3780::/60,ES,ES-GA,PUENTECALDELAS,
2a12:bec4:12a3:3790::/60,PK,PK-SD,Karachi,
2a12:bec4:12a3:37a0::/60,CL,CL-RM,SANTIAGO,
2a12:bec4:12a3:37b0::/60,BR,BR-MG,CENTRO,
2a12:bec4:12a3:37c0::/60,AU,AU-VIC,MELBOURNE,
2a12:bec4:12a3:37d0::/60,BR,BR-MG,IPATINGA,
2a12:bec4:12a3:37e0::/60,ES,ES-CT,L HOSPITALET DE LLOBREGAT,
2a12:bec4:12a3:37f0::/60,ES,ES-AR,ALCANIZ,
2a12:bec4:12a3:3800::/60,DO,DO-18,Sosua,
2a12:bec4:12a3:3810::/60,DO,DO-32,SANTO DOMINGO ESTE,
2a12:bec4:12a3:3820::/60,BR,BR-RJ,ALMERINDA,
2a12:bec4:12a3:3830::/60,IN,IN-KA,Bengaluru,
2a12:bec4:12a3:3840::/60,PE,PE-LIM,LIMA,
2a12:bec4:12a3:3850::/60,PE,PE-LMA,Lima,
2a12:bec4:12a3:3860::/60,DO,DO-25,Bella Vista,
2a12:bec4:12a3:3870::/60,BR,BR-RJ,PIABETA,
2a12:bec4:12a3:3880::/60,EC,EC-G,GUAYAQUIL,
2a12:bec4:12a3:3890::/60,BR,BR-SP,JARDIM MONTE AZUL,
2a12:bec4:12a3:38a0::/60,IN,IN-TN,Chennai,
2a12:bec4:12a3:38b0::/60,IN,IN-DL,NEW DELHI,
2a12:bec4:12a3:38c0::/60,US,US-MN,PERHAM,
2a12:bec4:12a3:38d0::/60,BR,BR-AC,RIO BRANCO,
2a12:bec4:12a3:38e0::/60,BR,BR-SP,URUPES,
2a12:bec4:12a3:38f0::/60,AE,AE-SH,Sharjah,
2a12:bec4:12a3:3900::/60,BR,BR-SC,Timbo,
2a12:bec4:12a3:3910::/60,ID,ID-SU,Medan,
2a12:bec4:12a3:3920::/60,US,US-CO,BOULDER,
2a12:bec4:12a3:3930::/60,US,US-WA,SEATTLE,
2a12:bec4:12a3:3940::/60,PR,,Rio Grande,
2a12:bec4:12a3:3950::/60,TR,TR-42,Selcuklu,
2a12:bec4:12a3:3960::/60,US,US-OK,CARNEGIE,
2a12:bec4:12a3:3970::/60,VE,VE-G,Valencia,
2a12:bec4:12a3:3980::/60,DO,DO-25,Santiago de los caballeros,
2a12:bec4:12a3:3990::/60,BR,BR-SP,CABREUVA,
2a12:bec4:12a3:39a0::/60,PH,PH-06,Iloilo,
2a12:bec4:12a3:39b0::/60,CO,CO-DC,BOGOTA,
2a12:bec4:12a3:39c0::/60,BR,BR-MG,CORONEL FABRICIANO,
2a12:bec4:12a3:39d0::/60,US,US-WI,MILWAUKEE,
2a12:bec4:12a3:39e0::/60,US,US-AZ,PHOENIX,
2a12:bec4:12a3:39f0::/60,US,US-CA,PALO ALTO,
2a12:bec4:12a3:3a00::/60,US,US-AZ,CHANDLER,
2a12:bec4:12a3:3a10::/60,US,US-AZ,MESA,
2a12:bec4:12a3:3a20::/60,US,US-AZ,YUMA,
2a12:bec4:12a3:3a30::/60,US,US-CA,RANCHO SANTA FE,
2a12:bec4:12a3:3a40::/60,US,US-CA,ESCONDIDO,
2a12:bec4:12a3:3a50::/60,US,US-CA,VISTA,
2a12:bec4:12a3:3a60::/60,US,US-CA,SAN DIEGO,
2a12:bec4:12a3:3a70::/60,US,US-CA,RAMONA,
2a12:bec4:12a3:3a80::/60,US,US-CA,CALEXICO,
2a12:bec4:12a3:3a90::/60,CA,CA-ON,TORONTO,
2a12:bec4:12a3:3aa0::/60,CA,CA-ON,WOODBRIDGE,
2a12:bec4:12a3:3ab0::/60,US,US-NY,NEW YORK,
2a12:bec4:12a3:3ac0::/60,CA,CA-ON,MISSISSAUGA,
2a12:bec4:12a3:3ad0::/60,US,US-PA,GETTYSBURG,
2a12:bec4:12a3:3ae0::/60,CA,CA-ON,ETOBICOKE,
2a12:bec4:12a3:3af0::/60,US,US-FL,SARASOTA,
2a12:bec4:12a3:3b00::/60,CA,CA-QC,MONTREAL,
2a12:bec4:12a3:3b10::/60,US,US-MA,AUBURN,
2a12:bec4:12a3:3b20::/60,CA,CA-ON,BARRIE,
2a12:bec4:12a3:3b30::/60,US,US-CA,PASADENA,
2a12:bec4:12a3:3b40::/60,CA,CA-QC,VERDUN,
2a12:bec4:12a3:3b50::/60,CA,CA-QC,POINT CLAIRE,
2a12:bec4:12a3:3b60::/60,CA,CA-QC,QUEBEC,
2a12:bec4:12a3:3b70::/60,CA,CA-QC,ANJOU,
2a12:bec4:12a3:3b80::/60,CA,CA-QC,KIRKLAND,
2a12:bec4:12a3:3b90::/60,CA,CA-QC,SAINT LAURENT,
2a12:bec4:12a3:3ba0::/60,US,US-IN,INDIANAPOLIS,
2a12:bec4:12a3:3bb0::/60,US,US-MO,ST LOUIS,
2a12:bec4:12a3:3bc0::/60,MX,MX-JAL,GUADALAJARA,
2a12:bec4:12a3:3bd0::/60,MX,MX-JAL,JALISCO,
2a12:bec4:12a3:3be0::/60,US,US-DC,WASHINGTON,
2a12:bec4:12a3:3bf0::/60,PA,PA-8,ARRAIJAN,
2a12:bec4:12a3:3c00::/60,US,US-NE,OMAHA,
2a12:bec4:12a3:3c10::/60,US,US-AZ,TUCSON,
2a12:bec4:12a3:3c20::/60,US,US-CA,LOS ANGELES,
2a12:bec4:12a3:3c30::/60,VE,VE-S,San Cristobal,
2a12:bec4:12a3:3c40::/60,US,US-CA,LA MIRADA,
2a12:bec4:12a3:3c50::/60,US,US-GA,DARIEN,
2a12:bec4:12a3:3c60::/60,US,US-OK,OKLAHOMA CITY,
2a12:bec4:12a3:3c70::/60,CA,CA-BC,VANCOUVER,
2a12:bec4:12a3:3c80::/60,PE,PE-LIM,SAN ISIDRO,
2a12:bec4:12a3:3c90::/60,VE,VE-V,MARACAIBO,
2a12:bec4:12a3:3ca0::/60,US,US-NY,BUFFALO,
2a12:bec4:12a3:3cb0::/60,US,US-VA,ASHBURN,
2a12:bec4:12a3:3cc0::/60,US,US-NY,ALBANY,
2a12:bec4:12a3:3cd0::/60,PR,,SAN JUAN,
2a12:bec4:12a3:3ce0::/60,US,US-VA,MANASSAS,
2a12:bec4:12a3:3cf0::/60,US,US-VA,STERLING,
2a12:bec4:12a3:3d00::/60,US,US-VA,CULPEPER,
2a12:bec4:12a3:3d10::/60,US,US-NJ,SECAUCUS,
2a12:bec4:12a3:3d20::/60,US,US-NY,SYRACUSE,
2a12:bec4:12a3:3d30::/60,US,US-NJ,PISCATAWAY,
2a12:bec4:12a3:3d40::/60,US,US-NJ,PISCATAWAY TOWNSHIP,
2a12:bec4:12a3:3d50::/60,US,US-NJ,EDISON,
2a12:bec4:12a3:3d60::/60,US,US-TX,TYLER,
2a12:bec4:12a3:3d70::/60,US,US-CA,SAN JOSE,
2a12:bec4:12a3:3d80::/60,CA,CA-ON,BURLINGTON,
2a12:bec4:12a3:3d90::/60,US,US-DE,WILMINGTON,
2a12:bec4:12a3:3da0::/60,US,US-CA,SAN FRANCISCO,
2a12:bec4:12a3:3db0::/60,US,US-IL,CHICAGO,
2a12:bec4:12a3:3dc0::/60,US,US-MA,BOSTON,
2a12:bec4:12a3:3dd0::/60,US,US-OH,SPRINGFIELD,
2a12:bec4:12a3:3de0::/60,US,US-NJ,JERSEY CITY,
2a12:bec4:12a3:3df0::/60,US,US-TX,AUSTIN,
2a12:bec4:12a3:3e00::/60,US,US-NV,LAS VEGAS,
2a12:bec4:12a3:3e10::/60,US,US-MA,MARLBOROUGH,
2a12:bec4:12a3:3e20::/60,US,US-WA,SEATTLE,
2a12:bec4:12a3:3e30::/60,US,US-IL,OAK BROOK,
2a12:bec4:12a3:3e40::/60,US,US-GA,ATLANTA,
2a12:bec4:12a3:3e50::/60,US,US-TX,HOUSTON,
2a12:bec4:12a3:3e60::/60,US,US-AL,BIRMINGHAM,
2a12:bec4:12a3:3e70::/60,US,US-TX,SPRING,
2a12:bec4:12a3:3e80::/60,US,US-TX,PLAINVIEW,
2a12:bec4:12a3:3e90::/60,VE,VE-F,Guasipati,
2a12:bec4:12a3:3ea0::/60,US,US-AL,CENTRE,
2a12:bec4:12a3:3eb0::/60,US,US-TN,NASHVILLE,
2a12:bec4:12a3:3ec0::/60,US,US-GA,SANDY SPRINGS,
2a12:bec4:12a3:3ed0::/60,US,US-TN,CROSSVILLE,
2a12:bec4:12a3:3ee0::/60,US,US-AZ,SCOTTSDALE,
2a12:bec4:12a3:3ef0::/60,US,US-NM,ALBUQUERQUE,
2a12:bec4:12a3:3f00::/60,US,US-AZ,CAVE CREEK,
2a12:bec4:12a3:3f10::/60,US,US-FL,NORTH BAY VILLAGE,
2a12:bec4:12a3:3f20::/60,US,US-MI,TROY,
2a12:bec4:12a3:3f30::/60,US,US-SC,GREENVILLE,
2a12:bec4:12a3:3f40::/60,US,US-PA,PHILADELPHIA,
2a12:bec4:12a3:3f50::/60,US,US-PA,AUDUBON,
2a12:bec4:12a3:3f60::/60,US,US-PA,FORT WASHINGTON,
2a12:bec4:12a3:3f70::/60,US,US-IL,FRANKLIN PARK,
2a12:bec4:12a3:3f80::/60,MX,MX-JAL,EL SALTO,
2a12:bec4:12a3:3f90::/60,US,US-FL,ORLANDO,
2a12:bec4:12a3:3fa0::/60,US,US-NY,BROOKLYN,
2a12:bec4:12a3:3fb0::/60,US,US-MA,LYNNFIELD,
2a12:bec4:12a3:3fc0::/60,US,US-MA,CLINTON,
2a12:bec4:12a3:3fd0::/60,US,US-MA,WILMINGTON,
2a12:bec4:12a3:3fe0::/60,US,US-MA,CONCORD,
2a12:bec4:12a3:3ff0::/60,US,US-MA,SOMERVILLE,
2a12:bec4:12a3:4000::/60,US,US-MA,EAST BOSTON,
2a12:bec4:12a3:4010::/60,US,US-MA,FALL RIVER,
2a12:bec4:12a3:4020::/60,US,US-TX,IRVING,
2a12:bec4:12a3:4030::/60,US,US-TX,DALLAS,
2a12:bec4:12a3:4040::/60,CA,CA-ON,MARKHAM,
2a12:bec4:12a3:4050::/60,US,US-WI,DE PERE,
2a12:bec4:12a3:4060::/60,US,US-FL,MIAMI,
2a12:bec4:12a3:4070::/60,US,US-UT,BLUFFDALE,
2a12:bec4:12a3:4080::/60,CA,CA-ON,NORTH YORK,
2a12:bec4:12a3:4090::/60,MX,MX-JAL,ZAPOPAN JALISCO,
2a12:bec4:12a3:40a0::/60,MX,MX-JAL,TLAJOMULCO DE ZUNIGA,
2a12:bec4:12a3:40b0::/60,MX,MX-JAL,ZAPOPAN,
2a12:bec4:12a3:40c0::/60,US,US-MA,NEEDHAM,
2a12:bec4:12a3:40d0::/60,US,US-MA,CANTON,
2a12:bec4:12a3:40e0::/60,US,US-MA,WHITMAN,
2a12:bec4:12a3:40f0::/60,US,US-MA,CHARLESTOWN,
2a12:bec4:12a3:4100::/60,US,US-MA,WALTHAM,
2a12:bec4:12a3:4110::/60,US,US-MA,BILLERICA,
2a12:bec4:12a3:4120::/60,US,US-MA,EVERETT,
2a12:bec4:12a3:4130::/60,US,US-MA,LEXINGTON,
2a12:bec4:12a3:4140::/60,US,US-MA,CAMBRIDGE,
2a12:bec4:12a3:4150::/60,US,US-MA,STOUGHTON,
2a12:bec4:12a3:4160::/60,US,US-MA,CHELMSFORD,
2a12:bec4:12a3:4170::/60,US,US-MA,WATERTOWN,
2a12:bec4:12a3:4180::/60,US,US-CT,NEW HAVEN,
2a12:bec4:12a3:4190::/60,US,US-ME,HOULTON,
2a12:bec4:12a3:41a0::/60,US,US-MA,HOPKINTON,
2a12:bec4:12a3:41b0::/60,US,US-MA,ASHLAND,
2a12:bec4:12a3:41c0::/60,US,US-CT,HARTFORD,
2a12:bec4:12a3:41d0::/60,US,US-MA,NATICK,
2a12:bec4:12a3:41e0::/60,US,US-MA,LOWELL,
2a12:bec4:12a3:41f0::/60,US,US-RI,LINCOLN,
2a12:bec4:12a3:4200::/60,US,US-MA,NEWTON,
2a12:bec4:12a3:4210::/60,US,US-MA,NORWOOD,
2a12:bec4:12a3:4220::/60,US,US-MA,WEST SPRINGFIELD,
2a12:bec4:12a3:4230::/60,US,US-MI,SOUTHFIELD,
2a12:bec4:12a3:4240::/60,US,US-NH,NEWINGTON,
2a12:bec4:12a3:4250::/60,US,US-NH,CONCORD,
2a12:bec4:12a3:4260::/60,US,US-MA,WOBURN,
2a12:bec4:12a3:4270::/60,US,US-NH,PORTSMOUTH,
2a12:bec4:12a3:4280::/60,US,US-MA,MEDFORD,
2a12:bec4:12a3:4290::/60,US,US-ME,GARDINER,
2a12:bec4:12a3:42a0::/60,US,US-MA,LEOMINSTER,
2a12:bec4:12a3:42b0::/60,US,US-MA,METHUEN,
2a12:bec4:12a3:42c0::/60,US,US-MA,TOWNSEND,
2a12:bec4:12a3:42d0::/60,US,US-MA,TYNGSBOROUGH,
2a12:bec4:12a3:42e0::/60,US,US-TX,FARMERS BRANCH,
2a12:bec4:12a3:42f0::/60,US,US-TX,MANSFIELD,
2a12:bec4:12a3:4300::/60,US,US-TX,NORTH RICHLAND HILLS,
2a12:bec4:12a3:4310::/60,US,US-TX,ARLINGTON,
2a12:bec4:12a3:4320::/60,US,US-TX,FORT WORTH,
2a12:bec4:12a3:4330::/60,US,US-TX,GARLAND,
2a12:bec4:12a3:4340::/60,US,US-CA,SAN CARLOS,
2a12:bec4:12a3:4350::/60,US,US-TX,PLANO,
2a12:bec4:12a3:4360::/60,US,US-TX,LUBBOCK,
2a12:bec4:12a3:4370::/60,US,US-CO,DENVER,
2a12:bec4:12a3:4380::/60,US,US-TX,LANCASTER,
2a12:bec4:12a3:4390::/60,US,US-TX,MESQUITE,
2a12:bec4:12a3:43a0::/60,US,US-TX,GRAND PRAIRIE,
2a12:bec4:12a3:43b0::/60,US,US-TX,WESTLAKE,
2a12:bec4:12a3:43c0::/60,US,US-TX,BELTON,
2a12:bec4:12a3:43d0::/60,US,US-CA,IRVINE,
2a12:bec4:12a3:43e0::/60,US,US-TX,RICHARDSON,
2a12:bec4:12a3:43f0::/60,US,US-TX,SLATON,
2a12:bec4:12a3:4400::/60,US,US-TX,CARROLLTON,
2a12:bec4:12a3:4410::/60,US,US-MI,ROYAL OAK,
2a12:bec4:12a3:4420::/60,US,US-MI,AUBURN HILLS,
2a12:bec4:12a3:4430::/60,US,US-MI,ANN ARBOR,
2a12:bec4:12a3:4440::/60,US,US-NJ,CARLSTADT,
2a12:bec4:12a3:4450::/60,US,US-NY,MELVILLE,
2a12:bec4:12a3:4460::/60,US,US-NJ,NORTH BERGEN,
2a12:bec4:12a3:4470::/60,US,US-NJ,NORTH BERGEN,
2a12:bec4:12a3:4480::/60,US,US-NY,FRESH MEADOWS,
2a12:bec4:12a3:4490::/60,US,US-NJ,JERSEY CITY,
2a12:bec4:12a3:44a0::/60,US,US-NJ,JERSEY CITY,
2a12:bec4:12a3:44b0::/60,US,US-NY,NEW YORK,
2a12:bec4:12a3:44c0::/60,US,US-NY,BROOKLYN,
2a12:bec4:12a3:44d0::/60,US,US-NY,GARDEN CITY,
2a12:bec4:12a3:44e0::/60,US,US-CT,GREENWICH,
2a12:bec4:12a3:44f0::/60,US,US-NY,LONG ISLAND CTY,
2a12:bec4:12a3:4500::/60,US,US-NJ,SECAUCUS,
2a12:bec4:12a3:4510::/60,US,US-DC,WASHINGTON,
2a12:bec4:12a3:4520::/60,US,US-DC,WASHINGTON,
2a12:bec4:12a3:4530::/60,US,US-NY,NEW YORK,
2a12:bec4:12a3:4540::/60,US,US-NJ,JERSEY CITY,
2a12:bec4:12a3:4550::/60,US,US-NY,NEW YORK,
2a12:bec4:12a3:4560::/60,US,US-NY,NEW YORK,
2a12:bec4:12a3:4570::/60,US,US-NY,NEW YORK,
2a12:bec4:12a3:4580::/60,US,US-NJ,JERSEY CITY,
2a12:bec4:12a3:4590::/60,ES,ES-AN,MALAGA,
2a12:bec4:12a3:45a0::/60,ES,ES-MD,MADRID,
2a12:bec4:12a3:45b0::/60,ES,ES-AS,GIJON,
2a12:bec4:12a3:45c0::/60,ES,ES-CT,Caldes de Malavella,
2a12:bec4:12a3:45d0::/60,ES,ES-AN,CORDOBA,
2a12:bec4:12a3:45e0::/60,ES,ES-AN,Valencina de la Concepcio,
2a12:bec4:12a3:45f0::/60,US,US-PA,AUDUBON,
2a12:bec4:12a3:4600::/60,ES,ES-AN,GRANADA,
2a12:bec4:12a3:4610::/60,FR,FR-IDF,PARIS,
2a12:bec4:12a3:4620::/60,ES,ES-GA,CHANTADA,
2a12:bec4:12a3:4630::/60,ES,ES-VC,Paterna Valencia,
2a12:bec4:12a3:4640::/60,TR,TR-34,ISTANBUL,
2a12:bec4:12a3:4650::/60,IE,IE-L,DUBLIN,
2a12:bec4:12a3:4660::/60,US,US-CA,ALISO VIEJO,
2a12:bec4:12a3:4670::/60,US,US-CA,REDLANDS,
2a12:bec4:12a3:4680::/60,US,US-IA,WAVERLY,
2a12:bec4:12a3:4690::/60,IE,IE-M,CO.CORK,
2a12:bec4:12a3:46a0::/60,US,US-NY,NEW YORK,
2a12:bec4:12a3:46b0::/60,FR,FR-PAC,VALBONNE,
2a12:bec4:12a3:46c0::/60,BE,BE-VLG,WIJGMAAL,
2a12:bec4:12a3:46d0::/60,FR,FR-PAC,LES MILLES,
2a12:bec4:12a3:46e0::/60,FR,FR-IDF,VELIZY VILLACOUBLAY,
2a12:bec4:12a3:46f0::/60,DE,DE-HE,FRANKFURT,
2a12:bec4:12a3:4700::/60,FR,FR-BFC,DIJON,
2a12:bec4:12a3:4710::/60,FR,FR-PAC,SOPHIA ANTIPOLIS,
2a12:bec4:12a3:4720::/60,FR,FR-IDF,COURBEVOIE,
2a12:bec4:12a3:4730::/60,FR,FR-NAQ,PAU,
2a12:bec4:12a3:4740::/60,FR,FR-OCC,MONTPELLIER,
2a12:bec4:12a3:4750::/60,FR,FR-NAQ,POITIERS,
2a12:bec4:12a3:4760::/60,FR,FR-ARA,VALENCE,
2a12:bec4:12a3:4770::/60,FR,FR-GES,STRASBOURG,
2a12:bec4:12a3:4780::/60,GB,GB-ENG,LONDON,
2a12:bec4:12a3:4790::/60,FR,FR-OCC,TOULOUSE,
2a12:bec4:12a3:47a0::/60,FR,FR-IDF,SAINT DENIS,
2a12:bec4:12a3:47b0::/60,US,US-DC,WASHINGTON,
2a12:bec4:12a3:47c0::/60,NL,NL-NH,AMSTERDAM,
2a12:bec4:12a3:47d0::/60,GR,GR-B,KALAMARIA,
2a12:bec4:12a3:47e0::/60,DE,DE-HE,FRANKFURT AM MAIN,
2a12:bec4:12a3:47f0::/60,GR,GR-B,THESSALONIKI,
2a12:bec4:12a3:4800::/60,IT,IT-25,MILAN,
2a12:bec4:12a3:4810::/60,IL,IL-TA,HERZELIA PITUACH,
2a12:bec4:12a3:4820::/60,BE,BE-VLG,ZAVENTEM,
2a12:bec4:12a3:4830::/60,IL,IL-M,TIKVA,
2a12:bec4:12a3:4840::/60,DE,DE-SN,MARKKLEEBERG,
2a12:bec4:12a3:4850::/60,SE,SE-AB,NORRMALM,
2a12:bec4:12a3:4860::/60,DE,DE-NW,COLOGNE,
2a12:bec4:12a3:4870::/60,ES,ES-AN,CORDOBA,
2a12:bec4:12a3:4880::/60,DE,DE-BY,MUNICH,
2a12:bec4:12a3:4890::/60,ES,ES-VC,VALENCIA,
2a12:bec4:12a3:48a0::/60,BG,BG-22,SOFIA,
2a12:bec4:12a3:48b0::/60,DE,DE-BY,UNTERFOHRING,
2a12:bec4:12a3:48c0::/60,GB,GB-ENG,SLOUGH,
2a12:bec4:12a3:48d0::/60,GB,GB-WLS,CARDIFF,
2a12:bec4:12a3:48e0::/60,IQ,IQ-BG,Baghdad,
2a12:bec4:12a3:48f0::/60,FR,FR-ARA,VENISSIEUX,
2a12:bec4:12a3:4900::/60,FR,FR-IDF,COLOMBES,
2a12:bec4:12a3:4910::/60,FR,FR-IDF,LOGNES,
2a12:bec4:12a3:4920::/60,FR,FR-NAQ,BORDEAUX,
2a12:bec4:12a3:4930::/60,FR,FR-IDF,LA GARENNE COLOMBES,
2a12:bec4:12a3:4940::/60,FR,FR-IDF,ASNIERES SUR SEINE,
2a12:bec4:12a3:4950::/60,FR,FR-HDF,LILLE,
2a12:bec4:12a3:4960::/60,FR,FR-BRE,RENNES,
2a12:bec4:12a3:4970::/60,US,US-TX,SAN ANTONIO,
2a12:bec4:12a3:4980::/60,US,US-CA,SANTA MONICA,
2a12:bec4:12a3:4990::/60,US,US-KS,OVERLAND PARK,
2a12:bec4:12a3:49a0::/60,GB,GB-ENG,HAMBLE LE RICE,
2a12:bec4:12a3:49b0::/60,GB,GB-ENG,PORTSMOUTH,
2a12:bec4:12a3:49c0::/60,US,US-VA,RICHMOND,
2a12:bec4:12a3:49d0::/60,IL,IL-M,NETANYA,
2a12:bec4:12a3:49e0::/60,US,US-CT,Milford,
2a12:bec4:12a3:49f0::/60,US,US-MI,NOVI,
2a12:bec4:12a3:4a00::/60,US,US-OK,TULSA,
2a12:bec4:12a3:4a10::/60,US,US-IL,OAK BROOK,
2a12:bec4:12a3:4a20::/60,FR,FR-IDF,ISSY LES MOULINEAUX,
2a12:bec4:12a3:4a30::/60,US,US-WA,SEATTLE,
2a12:bec4:12a3:4a40::/60,ES,ES-VC,CASTELLON,
2a12:bec4:12a3:4a50::/60,GB,GB-ENG,MIDDLESEX,
2a12:bec4:12a3:4a60::/60,JP,JP-27,OSAKA,
2a12:bec4:12a3:4a70::/60,US,US-NC,RALEIGH,
2a12:bec4:12a3:4a80::/60,US,US-CT,MILFORD,
2a12:bec4:12a3:4a90::/60,US,US-TX,SOUTHLAKE,
2a12:bec4:12a3:4aa0::/60,IL,IL-TA,TEL AVIV,
2a12:bec4:12a3:4ab0::/60,US,US-MI,NORTHVILLE,
2a12:bec4:12a3:4ac0::/60,US,US-VA,STERLING,
2a12:bec4:12a3:4ad0::/60,US,US-FL,ST PETERSBURG,
2a12:bec4:12a3:4ae0::/60,US,US-IL,DEERFIELD,
2a12:bec4:12a3:4af0::/60,US,US-TN,MEMPHIS,
2a12:bec4:12a3:4b00::/60,US,US-MA,SHIRLEY,
2a12:bec4:12a3:4b10::/60,US,US-MA,WALTHAM,
2a12:bec4:12a3:4b20::/60,CA,CA-ON,MISSISSAUGA,
2a12:bec4:12a3:4b30::/60,US,US-NC,CHARLOTTE,
2a12:bec4:12a3:4b40::/60,US,US-PA,PAOLI,
2a12:bec4:12a3:4b50::/60,US,US-CA,MODESTO,
2a12:bec4:12a3:4b60::/60,IL,IL-M,NETANYA,
2a12:bec4:12a3:4b70::/60,US,US-TX,HOUSTON,
2a12:bec4:12a3:4b80::/60,US,US-NJ,BELLEVILLE,
2a12:bec4:12a3:4b90::/60,US,US-NY,NEW YORK,
2a12:bec4:12a3:4ba0::/60,US,US-OH,STRONGSVILLE,
2a12:bec4:12a3:4bb0::/60,GB,GB-ENG,LONDON,
2a12:bec4:12a3:4bc0::/60,US,US-MA,WALTHAM,
2a12:bec4:12a3:4bd0::/60,US,US-TX,SAN ANTONIO,
2a12:bec4:12a3:4be0::/60,US,US-KS,OVERLAND PARK,
2a12:bec4:12a3:4bf0::/60,CA,CA-ON,MISSISSAUGA,
2a12:bec4:12a3:4c00::/60,US,US-KY,LOUISVILLE,
2a12:bec4:12a3:4c10::/60,US,US-IL,AURORA,
2a12:bec4:12a3:4c20::/60,IL,IL-TA,TEL AVIV,
2a12:bec4:12a3:4c30::/60,GB,GB-ENG,MIDDLESEX,
2a12:bec4:12a3:4c40::/60,US,US-DC,WASHINGTON,
2a12:bec4:12a3:4c50::/60,US,US-WA,RENTON,
2a12:bec4:12a3:4c60::/60,AU,AU-VIC,MELTON,
2a12:bec4:12a3:4c70::/60,US,US-OK,TULSA,
2a12:bec4:12a3:4c80::/60,US,US-CT,MIDDLEBURY,
2a12:bec4:12a3:4c90::/60,US,US-NY,ROCHESTER,
2a12:bec4:12a3:4ca0::/60,US,US-CT,Milford,
2a12:bec4:12a3:4cb0::/60,US,US-VA,STERLING,
2a12:bec4:12a3:4cc0::/60,US,US-TX,SOUTHLAKE,
2a12:bec4:12a3:4cd0::/60,US,US-CA,MODESTO,
2a12:bec4:12a3:4ce0::/60,US,US-WA,SEATTLE,
2a12:bec4:12a3:4cf0::/60,US,US-IL,OAK BROOK,
2a12:bec4:12a3:4d00::/60,US,US-CA,ALISO VIEJO,
2a12:bec4:12a3:4d10::/60,CA,CA-ON,MISSISSAUGA,
2a12:bec4:12a3:4d20::/60,US,US-NC,RALEIGH,
2a12:bec4:12a3:4d30::/60,US,US-CA,SANTA CLARITA,
